2025-11-09 05:25:13 + : sreyasP777  || pb-IF4mUHIBAw== || joined server 
2025-11-09 05:26:25 + : subha1290  || pb-IF4gUksyMQ== || joined server 
2025-11-09 05:27:29 + : ProteanSq3  || pb-IF43VFg8Vg== || joined server 
2025-11-09 05:29:45 + : Jamal6673  || pb-IF49B3QE || joined server 
2025-11-09 05:29:46 + : Bearlove45  || pb-IF5WMG4d || joined server 
2025-11-09 05:31:15 + : ProteanSq3  || pb-IF43VFg8Vg== || joined server 
2025-11-09 05:33:20 + : Akira7  || pb-IF43UU0DBg== || joined server 
2025-11-09 05:53:07 + : Troy07  || pb-IF4oURcCLg== || joined server 
2025-11-09 05:56:40 + : MIKEALSON0  || pb-IF4zUkwpAg== || joined server 
2025-11-09 06:02:23 + : RicketyEm2  || pb-IF4pUVYkFA== || joined server 
2025-11-09 06:06:55 + : Akira7  || pb-IF43UU0DBg== || joined server 
2025-11-09 06:09:19 + : Akira7  || pb-IF43UU0DBg== || joined server 
2025-11-09 06:17:03 + : Stelthy03  || pb-IF4SUEw6LQ== || joined server 
2025-11-09 06:26:04 + : abhiaction  || None || joined server 
2025-11-09 06:26:05 + : abhiaction  || pb-IF4dVUkMLQ== || joined server 
2025-11-09 06:28:13 + : Android63911832  || None || joined server 
2025-11-09 06:28:14 + : Android63911832  || pb-IF5cU08EEA== || joined server 
2025-11-09 06:30:34 + : Prettie694  || pb-IF4pUEwaUQ== || joined server 
2025-11-09 06:39:47 + : Prettie694  || None || joined server 
2025-11-09 06:39:48 + : Prettie694  || pb-IF4pUEwaUQ== || joined server 
2025-11-09 06:44:42 + : Stelthy03  || pb-IF4SUEw6LQ== || joined server 
2025-11-09 06:45:42 + : nvm  || pb-IF4qUUwdHA== || joined server 
2025-11-09 06:47:34 + : ProteanSq3  || None || joined server 
2025-11-09 06:47:35 + : ProteanSq3  || pb-IF43VFg8Vg== || joined server 
2025-11-09 06:47:44 + : KHEM1  || pb-IF4lUXdbFQ== || joined server 
2025-11-09 06:48:42 + : SociablePn  || pb-IF4LUHNeHQ== || joined server 
2025-11-09 06:48:52 + : ProteanSq3  || pb-IF43VFg8Vg== || joined server 
2025-11-09 06:50:07 + : palesinkoz  || pb-IF4JUVQAFQ== || joined server 
2025-11-09 06:52:01 + : SociablePn  || pb-IF4LUHNeHQ== || joined server 
2025-11-09 06:54:15 + : KindestTax  || None || joined server 
2025-11-09 06:54:16 + : KindestTax  || pb-IF4DXhMxMA== || joined server 
2025-11-09 06:57:28 + : KindestTax  || pb-IF4DXhMxMA== || joined server 
2025-11-09 07:15:35 + : Troy07  || pb-IF4oURcCLg== || joined server 
2025-11-09 07:21:25 + : BrassPerim  || pb-IF4oXhMhMA== || joined server 
2025-11-09 07:31:13 + : Rynix  || pb-IF4UUhhfEA== || joined server 
2025-11-09 07:31:58 + : Troy07  || pb-IF4oURcCLg== || joined server 
2025-11-09 07:33:42 + : Rynix  || pb-IF4UUhhfEA== || joined server 
2025-11-09 07:33:52 + : DizzyTrait  || None || joined server 
2025-11-09 07:33:53 + : DizzyTrait  || pb-IF4gUFoqEA== || joined server 
2025-11-09 07:34:05 + : Abdulkalam  || pb-IF4dUk8mMg== || joined server 
2025-11-09 07:37:08 + : Abdulkalam  || pb-IF4dUk8mMg== || joined server 
2025-11-09 07:37:08 + : Android63911832  || pb-IF5cU08EEA== || joined server 
2025-11-09 07:39:32 + : ProteanSq3  || None || joined server 
2025-11-09 07:39:33 + : ProteanSq3  || pb-IF43VFg8Vg== || joined server 
2025-11-09 07:39:50 + : kishoreda5  || None || joined server 
2025-11-09 07:39:51 + : kishoreda5  || pb-IF4KUBYeKg== || joined server 
2025-11-09 07:44:33 + : Android63911832  || pb-IF5cU08EEA== || joined server 
2025-11-09 07:45:42 + : Prepar1284  || None || joined server 
2025-11-09 07:45:43 + : Prepar1284  || pb-IF48XhQ8Aw== || joined server 
2025-11-09 07:45:50 + : Desulto837  || pb-IF4yUFoSDw== || joined server 
2025-11-09 07:46:48 + : Scurri1533  || pb-IF4XXhEFVQ== || joined server 
2025-11-09 07:47:44 + : bojayna123  || None || joined server 
2025-11-09 07:47:45 + : bojayna123  || pb-IF4QXhExMg== || joined server 
2025-11-09 07:49:06 + : cauvangdin  || pb-IF4CXhYnCA== || joined server 
2025-11-09 07:49:15 + : Obligat871  || pb-IF4LVXZZEQ== || joined server 
2025-11-09 07:49:51 + : SanjuDas  || None || joined server 
2025-11-09 07:49:52 + : SanjuDas  || pb-IF4SXhQRUg== || joined server 
2025-11-09 07:51:52 + : DeftVenera  || None || joined server 
2025-11-09 07:51:53 + : DeftVenera  || pb-IF4tUWEbIg== || joined server 
2025-11-09 07:53:06 + : RivalShort  || None || joined server 
2025-11-09 07:53:09 + : RivalShort  || pb-IF5TXhcOVg== || joined server 
2025-11-09 07:53:12 + : ProteanSq3  || pb-IF43VFg8Vg== || joined server 
2025-11-09 07:53:43 + : Troy07  || pb-IF4oURcCLg== || joined server 
2025-11-09 07:54:42 + : Remotes559  || pb-IF4pXhAvPA== || joined server 
2025-11-09 07:55:14 + : Remotes559  || pb-IF4pXhAvPA== || joined server 
2025-11-09 07:55:42 + : FactualUnd  || pb-IF48UmUbUg== || joined server 
2025-11-09 07:55:45 + : FactualUnd  || None || joined server 
2025-11-09 07:55:51 + : FactualUnd  || None || joined server 
2025-11-09 08:03:51 + : RestfulBe3  || pb-IF4NUVcZIg== || joined server 
2025-11-09 08:04:01 + : Android63911832  || None || joined server 
2025-11-09 08:04:02 + : Android63911832  || pb-IF5cU08EEA== || joined server 
2025-11-09 08:05:22 + : FrolicZest  || pb-IF4pVWMMBA== || joined server 
2025-11-09 08:05:25 + : Troy07  || None || joined server 
2025-11-09 08:05:26 + : Troy07  || pb-IF4oURcCLg== || joined server 
2025-11-09 08:05:58 + : ViralAsylu  || pb-IF43UhAqPA== || joined server 
2025-11-09 08:06:58 + : Troy07  || pb-IF4oURcCLg== || joined server 
2025-11-09 08:07:21 + : NoNameC8506828  || pb-IF4oU3ERDQ== || joined server 
2025-11-09 08:08:52 + : HigherReso  || None || joined server 
2025-11-09 08:08:53 + : HigherReso  || pb-IF4WXhYqIw== || joined server 
2025-11-09 08:09:08 + : cauvangdin  || pb-IF4CXhYnCA== || joined server 
2025-11-09 08:09:51 + : cauvangdin  || None || joined server 
2025-11-09 08:09:52 + : cauvangdin  || pb-IF4CXhYnCA== || joined server 
2025-11-09 08:12:53 + : cauvangdin  || pb-IF4CXhYnCA== || joined server 
2025-11-09 08:13:10 + : KinglyLaug  || None || joined server 
2025-11-09 08:13:11 + : KinglyLaug  || pb-IF4wUk9SIQ== || joined server 
2025-11-09 08:15:52 + : FormerThun  || None || joined server 
2025-11-09 08:15:53 + : FormerThun  || pb-IF42UVQAAg== || joined server 
2025-11-09 08:16:37 + : CleftSuita  || None || joined server 
2025-11-09 08:16:38 + : CleftSuita  || pb-IF4-XhQ5Ew== || joined server 
2025-11-09 08:21:06 + : MammothSp2  || None || joined server 
2025-11-09 08:21:07 + : MammothSp2  || pb-IF4XUG1cKg== || joined server 
2025-11-09 08:23:06 + : Hazara  || None || joined server 
2025-11-09 08:23:07 + : Hazara  || pb-IF4GUU9aLg== || joined server 
2025-11-09 08:30:09 + : Invete1625  || pb-IF5RXhg6HA== || joined server 
2025-11-09 08:30:50 + : RAIJIN  || None || joined server 
2025-11-09 08:30:51 + : RAIJIN  || pb-IF43UU0DBg== || joined server 
2025-11-09 08:33:31 + : Hazara  || pb-IF4GUU9aLg== || joined server 
2025-11-09 08:43:38 + : BEEE  || None || joined server 
2025-11-09 08:43:39 + : BEEE  || pb-IF4qUxgGXQ== || joined server 
2025-11-09 08:43:40 + : Remotes559  || None || joined server 
2025-11-09 08:46:29 + : BEEE  || pb-IF4qUxgGXQ== || joined server 
2025-11-09 08:46:29 + : Remotes559  || pb-IF4pXhAvPA== || joined server 
2025-11-09 08:47:41 + : Agzx2244  || pb-IF4PV24yPA== || joined server 
2025-11-09 08:48:19 + : DeftVenera  || None || joined server 
2025-11-09 08:48:20 + : DeftVenera  || pb-IF4tUWEbIg== || joined server 
2025-11-09 08:52:24 + : FifthSummo  || pb-IF4LUVIiBg== || joined server 
2025-11-09 08:53:13 + : Android56237218  || pb-IF4sUm47KQ== || joined server 
2025-11-09 08:54:14 + : BankruptB9  || None || joined server 
2025-11-09 08:54:15 + : BankruptB9  || pb-IF4XUlUaFw== || joined server 
2025-11-09 08:55:22 + : WorstBless  || None || joined server 
2025-11-09 08:55:23 + : WorstBless  || pb-IF4XUFQsFQ== || joined server 
2025-11-09 08:58:00 + : WorstBless  || None || joined server 
2025-11-09 08:58:01 + : WorstBless  || pb-IF4XUFQsFQ== || joined server 
2025-11-09 08:58:08 + : Apolit1570  || None || joined server 
2025-11-09 08:58:09 + : Apolit1570  || pb-IF4PUVgnLQ== || joined server 
2025-11-09 08:58:41 + : WorstBless  || pb-IF4XUFQsFQ== || joined server 
2025-11-09 08:59:55 + : GravestI21  || None || joined server 
2025-11-09 08:59:56 + : GravestI21  || pb-IF5dXhMmFw== || joined server 
2025-11-09 09:00:20 + : ProteanSq3  || pb-IF43VFg8Vg== || joined server 
2025-11-09 09:01:21 + : BEEE  || pb-IF4qUxgGXQ== || joined server 
2025-11-09 09:01:32 + : ProteanSq3  || None || joined server 
2025-11-09 09:01:33 + : ProteanSq3  || pb-IF43VFg8Vg== || joined server 
2025-11-09 09:03:33 + : Ritz22  || pb-IF4XVEoDXQ== || joined server 
2025-11-09 09:04:33 + : CuriousQu2  || pb-IF4RURkvIA== || joined server 
2025-11-09 09:04:38 + : Abdulkalam  || None || joined server 
2025-11-09 09:04:39 + : Abdulkalam  || pb-IF4dUk8mMg== || joined server 
2025-11-09 09:06:32 + : Agzx2244  || None || joined server 
2025-11-09 09:06:33 + : Agzx2244  || pb-IF4PV24yPA== || joined server 
2025-11-09 09:07:06 + : maddiralas  || None || joined server 
2025-11-09 09:07:07 + : maddiralas  || pb-IF5VUnozIw== || joined server 
2025-11-09 09:09:13 + : NoNameA17104584  || pb-IF4uXhFdIA== || joined server 
2025-11-09 09:10:46 + : MixedAntag  || pb-IF4UUElfNw== || joined server 
2025-11-09 09:11:23 + : MixedAntag  || pb-IF4UUElfNw== || joined server 
2025-11-09 09:11:23 + : NotedHotsh  || pb-IF4QXhJYKg== || joined server 
2025-11-09 09:12:05 + : MortalHard  || None || joined server 
2025-11-09 09:12:06 + : MortalHard  || pb-IF4cXhUoHw== || joined server 
2025-11-09 09:12:12 + : NaviTheBos  || None || joined server 
2025-11-09 09:12:13 + : NaviTheBos  || pb-IF4iVVomNg== || joined server 
2025-11-09 09:16:02 + : HauntedCar  || pb-IF4PUVA_Ew== || joined server 
2025-11-09 09:16:26 + : NoNameA17104584  || pb-IF4uXhFdIA== || joined server 
2025-11-09 09:16:34 + : Sigma06  || None || joined server 
2025-11-09 09:16:35 + : Sigma06  || pb-IF5cUmctJA== || joined server 
2025-11-09 09:16:49 + : Sigma06  || None || joined server 
2025-11-09 09:16:50 + : Sigma06  || pb-IF5cUmctJA== || joined server 
2025-11-09 09:17:03 + : Hazara  || None || joined server 
2025-11-09 09:17:04 + : Hazara  || pb-IF4GUU9aLg== || joined server 
2025-11-09 09:17:07 + : Monoli1487  || pb-IF5XXhQdIQ== || joined server 
2025-11-09 09:17:59 + : Abdulkalam  || None || joined server 
2025-11-09 09:18:00 + : Abdulkalam  || pb-IF4dUk8mMg== || joined server 
2025-11-09 09:19:21 + : Easygoing2  || None || joined server 
2025-11-09 09:19:22 + : Easygoing2  || pb-IF5dUVgnCQ== || joined server 
2025-11-09 09:19:25 + : ZigTreatis  || pb-IF4qXhYsMg== || joined server 
2025-11-09 09:21:22 + : MaritimeDr  || pb-IF4eUlgDCA== || joined server 
2025-11-09 09:21:58 + : RAIJIN  || pb-IF43UU0DBg== || joined server 
2025-11-09 09:23:10 + : Ulterior61  || None || joined server 
2025-11-09 09:23:11 + : Ulterior61  || pb-IF4jUhcZUw== || joined server 
2025-11-09 09:23:27 + : HigherReso  || None || joined server 
2025-11-09 09:23:28 + : HigherReso  || pb-IF4WXhYqIw== || joined server 
2025-11-09 09:23:51 + : Ulterior61  || pb-IF4jUhcZUw== || joined server 
2025-11-09 09:28:43 + : Sigma06  || pb-IF5cUmctJA== || joined server 
2025-11-09 09:29:19 + : DeftVenera  || pb-IF4tUWEbIg== || joined server 
2025-11-09 09:31:02 + : ElderViola  || pb-IF4sUHcvFw== || joined server 
2025-11-09 09:33:52 + : NoNameA17627120  || None || joined server 
2025-11-09 09:33:53 + : NoNameA17627120  || pb-IF4lXhYtEg== || joined server 
2025-11-09 09:34:27 + : Android63911832  || pb-IF5cU08EEA== || joined server 
2025-11-09 09:34:36 + : AbidingRe3  || None || joined server 
2025-11-09 09:34:37 + : AbidingRe3  || pb-IF4FXhQbFg== || joined server 
2025-11-09 09:36:07 + : NeedfulMax  || None || joined server 
2025-11-09 09:37:20 + : ElderViola  || None || joined server 
2025-11-09 09:37:20 + : BEEE  || None || joined server 
2025-11-09 09:37:20 + : RAIJIN  || None || joined server 
2025-11-09 09:37:20 + : Android63911832  || pb-IF5cU08EEA== || joined server 
2025-11-09 09:37:20 + : Abdulkalam  || pb-IF4dUk8mMg== || joined server 
2025-11-09 09:37:21 + : ElderViola  || pb-IF4sUHcvFw== || joined server 
2025-11-09 09:37:21 + : BEEE  || pb-IF4qUxgGXQ== || joined server 
2025-11-09 09:37:23 + : RAIJIN  || pb-IF43UU0DBg== || joined server 
2025-11-09 09:37:25 + : MaritimeDr  || None || joined server 
2025-11-09 09:37:26 + : MaritimeDr  || pb-IF4eUlgDCA== || joined server 
2025-11-09 09:38:54 + : BEEE  || None || joined server 
2025-11-09 09:38:55 + : BEEE  || pb-IF4qUxgGXQ== || joined server 
2025-11-09 09:39:09 + : AdditiveSw  || None || joined server 
2025-11-09 09:39:10 + : AdditiveSw  || pb-IF4PU1UgNA== || joined server 
2025-11-09 09:39:27 + : RAIJIN  || pb-IF43UU0DBg== || joined server 
2025-11-09 09:39:48 + : BEEE  || pb-IF4qUxgGXQ== || joined server 
2025-11-09 09:42:20 + : Abdulkalam  || None || joined server 
2025-11-09 09:42:21 + : BEEE  || pb-IF4qUxgGXQ== || joined server 
2025-11-09 09:42:21 + : Abdulkalam  || pb-IF4dUk8mMg== || joined server 
2025-11-09 09:42:23 + : RAIJIN  || None || joined server 
2025-11-09 09:42:24 + : RAIJIN  || pb-IF43UU0DBg== || joined server 
2025-11-09 09:42:25 + : ElderViola  || pb-IF4sUHcvFw== || joined server 
2025-11-09 09:42:30 + : MaritimeDr  || None || joined server 
2025-11-09 09:42:31 + : MaritimeDr  || pb-IF4eUlgDCA== || joined server 
2025-11-09 09:45:35 + : ProteanSq3  || pb-IF43VFg8Vg== || joined server 
2025-11-09 09:46:18 + : Android63911832  || pb-IF5cU08EEA== || joined server 
2025-11-09 09:49:49 + : asxd  || None || joined server 
2025-11-09 09:49:50 + : asxd  || pb-JiNJARFTUUFDX11GF0JVU1ZKGUhYQ1BK || joined server 
2025-11-09 09:51:10 + : RAIJIN  || None || joined server 
2025-11-09 09:51:11 + : RAIJIN  || pb-IF43UU0DBg== || joined server 
2025-11-09 09:53:03 + : Android63911832  || pb-IF5cU08EEA== || joined server 
2025-11-09 09:54:11 + : MilderConc  || pb-IF4LUlItNg== || joined server 
2025-11-09 09:55:55 + : Rynix  || pb-IF4UUhhfEA== || joined server 
2025-11-09 09:56:10 + : RAIJIN  || None || joined server 
2025-11-09 09:56:11 + : RAIJIN  || pb-IF43UU0DBg== || joined server 
2025-11-09 10:00:43 + : JoshilaRan  || pb-IF5WUXgTEQ== || joined server 
2025-11-09 10:02:53 + : sbappi  || pb-JiNJARBfVkZCX19EFEdVUVBHF0VcQFRB || joined server 
2025-11-09 10:03:21 + : OrdinaryIm  || pb-IF5VXhUyKg== || joined server 
2025-11-09 10:04:33 + : Umepopaumy  || pb-IF5TUVoyFw== || joined server 
2025-11-09 10:06:13 + : MIKEALSON0  || pb-IF4zUkwpAg== || joined server 
2025-11-09 10:07:02 + : YawningE34  || None || joined server 
2025-11-09 10:07:03 + : YawningE34  || pb-IF4UV24BKw== || joined server 
2025-11-09 10:11:09 + : Lucky18  || None || joined server 
2025-11-09 10:11:10 + : Lucky18  || pb-IF5VU3MSMA== || joined server 
2025-11-09 10:11:58 + : Sakenn  || None || joined server 
2025-11-09 10:11:59 + : Sakenn  || pb-IF5XXhdeCQ== || joined server 
2025-11-09 10:12:31 + : nvm  || pb-IF4qUUwdHA== || joined server 
2025-11-09 10:13:29 + : Azgem  || None || joined server 
2025-11-09 10:13:30 + : Azgem  || pb-IF5RV1gIKg== || joined server 
2025-11-09 10:15:14 + : thinkabout  || pb-IF4qVBQgEg== || joined server 
2025-11-09 10:22:09 + : Lucky18  || pb-IF5VU3MSMA== || joined server 
2025-11-09 10:23:28 + : Android63911832  || pb-IF5cU08EEA== || joined server 
2025-11-09 10:25:40 + : BLueBL00D  || pb-IF4nU3oPNw== || joined server 
2025-11-09 10:25:56 + : Lucky18  || pb-IF5VU3MSMA== || joined server 
2025-11-09 10:26:06 + : RAIJIN  || pb-IF43UU0DBg== || joined server 
2025-11-09 10:27:12 + : RAIJIN  || pb-IF43UU0DBg== || joined server 
2025-11-09 10:28:59 + : Brackish65  || None || joined server 
2025-11-09 10:29:00 + : Brackish65  || pb-IF4VUWwOEw== || joined server 
2025-11-09 10:29:01 + : ProteanSq3  || pb-IF43VFg8Vg== || joined server 
2025-11-09 10:29:14 + : Brackish65  || None || joined server 
2025-11-09 10:29:15 + : Brackish65  || pb-IF4VUWwOEw== || joined server 
2025-11-09 10:29:37 + : RAIJIN  || pb-IF43UU0DBg== || joined server 
2025-11-09 10:35:56 + : Kalel90  || None || joined server 
2025-11-09 10:35:57 + : Kalel90  || pb-IF43V3kI || joined server 
2025-11-09 10:48:50 + : Heypitch  || None || joined server 
2025-11-09 10:48:51 + : Heypitch  || pb-IF4oVWUZFg== || joined server 
2025-11-09 10:49:32 + : ProteanSq3  || None || joined server 
2025-11-09 10:49:33 + : ProteanSq3  || pb-IF43VFg8Vg== || joined server 
2025-11-09 11:01:49 + : Lightn3064  || None || joined server 
2025-11-09 11:01:50 + : Lightn3064  || pb-IF4RUVYGCA== || joined server 
2025-11-09 11:05:46 + : Android65111182  || pb-IF4qUnQPHQ== || joined server 
2025-11-09 11:06:54 + : ShabbyGlar  || pb-IF4eUXgyFw== || joined server 
2025-11-09 11:21:27 + : Realiz1580  || pb-IF4uXhMmMw== || joined server 
2025-11-09 11:29:09 + : HeartedIm4  || pb-IF4XUU0uKA== || joined server 
2025-11-09 11:35:06 + : Gargan2559  || pb-IF4-XhUBFw== || joined server 
2025-11-09 11:35:57 + : Gargan2559  || pb-IF4-XhUBFw== || joined server 
2025-11-09 11:36:02 + : BlestCorri  || pb-IF4xXhUzUQ== || joined server 
2025-11-09 11:37:47 + : SpunkyNap9  || pb-IF4oUVkiJA== || joined server 
2025-11-09 11:38:37 + : SpunkyNap9  || pb-IF4oUVkiJA== || joined server 
2025-11-09 11:47:55 + : Forceful63  || pb-IF5cUVQIVw== || joined server 
2025-11-09 11:49:30 + : HaleParame  || None || joined server 
2025-11-09 11:49:31 + : HaleParame  || pb-IF4PUVYGNQ== || joined server 
2025-11-09 11:49:40 + : Murphy1  || pb-IF4gUBdcFw== || joined server 
2025-11-09 11:51:35 + : HaleParame  || pb-IF4PUVYGNQ== || joined server 
2025-11-09 11:52:10 + : SheerMat12  || pb-IF4uXhMgAA== || joined server 
2025-11-09 11:53:30 + : NicerUnde2  || pb-IF5cXhYJAg== || joined server 
2025-11-09 11:53:31 + : NicerUnde2  || pb-IF5cXhYJAg== || joined server 
2025-11-09 11:53:32 + : NicerUnde2  || pb-IF5cXhYJAg== || joined server 
2025-11-09 11:53:33 + : NicerUnde2  || pb-IF5cXhYJAg== || joined server 
2025-11-09 11:53:34 + : NicerUnde2  || pb-IF5cXhYJAg== || joined server 
2025-11-09 11:53:35 + : NicerUnde2  || pb-IF5cXhYJAg== || joined server 
2025-11-09 11:53:36 + : NicerUnde2  || pb-IF5cXhYJAg== || joined server 
2025-11-09 11:53:37 + : NicerUnde2  || pb-IF5cXhYJAg== || joined server 
2025-11-09 11:53:38 + : NicerUnde2  || pb-IF5cXhYJAg== || joined server 
2025-11-09 11:53:39 + : NicerUnde2  || pb-IF5cXhYJAg== || joined server 
2025-11-09 11:53:40 + : NicerUnde2  || pb-IF5cXhYJAg== || joined server 
2025-11-09 11:53:41 + : NicerUnde2  || pb-IF5cXhYJAg== || joined server 
2025-11-09 11:53:42 + : NicerUnde2  || pb-IF5cXhYJAg== || joined server 
2025-11-09 11:53:43 + : NicerUnde2  || pb-IF5cXhYJAg== || joined server 
2025-11-09 11:53:44 + : NicerUnde2  || pb-IF5cXhYJAg== || joined server 
2025-11-09 11:53:45 + : NicerUnde2  || pb-IF5cXhYJAg== || joined server 
2025-11-09 11:53:46 + : NicerUnde2  || pb-IF5cXhYJAg== || joined server 
2025-11-09 11:53:47 + : NicerUnde2  || pb-IF5cXhYJAg== || joined server 
2025-11-09 11:53:48 + : NicerUnde2  || pb-IF5cXhYJAg== || joined server 
2025-11-09 11:53:49 + : NicerUnde2  || pb-IF5cXhYJAg== || joined server 
2025-11-09 11:53:50 + : NicerUnde2  || pb-IF5cXhYJAg== || joined server 
2025-11-09 11:53:51 + : NicerUnde2  || pb-IF5cXhYJAg== || joined server 
2025-11-09 11:53:52 + : NicerUnde2  || pb-IF5cXhYJAg== || joined server 
2025-11-09 11:53:53 + : NicerUnde2  || pb-IF5cXhYJAg== || joined server 
2025-11-09 11:53:54 + : NicerUnde2  || pb-IF5cXhYJAg== || joined server 
2025-11-09 11:53:55 + : NicerUnde2  || pb-IF5cXhYJAg== || joined server 
2025-11-09 11:53:56 + : NicerUnde2  || pb-IF5cXhYJAg== || joined server 
2025-11-09 11:53:57 + : NicerUnde2  || pb-IF5cXhYJAg== || joined server 
2025-11-09 11:53:58 + : NicerUnde2  || pb-IF5cXhYJAg== || joined server 
2025-11-09 11:53:59 + : NicerUnde2  || pb-IF5cXhYJAg== || joined server 
2025-11-09 11:54:00 + : NicerUnde2  || pb-IF5cXhYJAg== || joined server 
2025-11-09 11:54:01 + : NicerUnde2  || pb-IF5cXhYJAg== || joined server 
2025-11-09 11:54:02 + : NicerUnde2  || pb-IF5cXhYJAg== || joined server 
2025-11-09 11:54:03 + : NicerUnde2  || pb-IF5cXhYJAg== || joined server 
2025-11-09 11:54:04 + : NicerUnde2  || pb-IF5cXhYJAg== || joined server 
2025-11-09 11:54:05 + : NicerUnde2  || pb-IF5cXhYJAg== || joined server 
2025-11-09 11:54:06 + : NicerUnde2  || pb-IF5cXhYJAg== || joined server 
2025-11-09 11:54:07 + : NicerUnde2  || pb-IF5cXhYJAg== || joined server 
2025-11-09 11:54:08 + : NicerUnde2  || pb-IF5cXhYJAg== || joined server 
2025-11-09 11:54:09 + : NicerUnde2  || pb-IF5cXhYJAg== || joined server 
2025-11-09 11:54:10 + : NicerUnde2  || pb-IF5cXhYJAg== || joined server 
2025-11-09 11:54:11 + : NicerUnde2  || pb-IF5cXhYJAg== || joined server 
2025-11-09 11:54:12 + : NicerUnde2  || pb-IF5cXhYJAg== || joined server 
2025-11-09 11:54:13 + : NicerUnde2  || pb-IF5cXhYJAg== || joined server 
2025-11-09 11:54:14 + : NicerUnde2  || pb-IF5cXhYJAg== || joined server 
2025-11-09 11:54:15 + : NicerUnde2  || pb-IF5cXhYJAg== || joined server 
2025-11-09 11:54:16 + : NicerUnde2  || pb-IF5cXhYJAg== || joined server 
2025-11-09 11:54:17 + : NicerUnde2  || pb-IF5cXhYJAg== || joined server 
2025-11-09 11:54:18 + : NicerUnde2  || pb-IF5cXhYJAg== || joined server 
2025-11-09 11:54:19 + : NicerUnde2  || pb-IF5cXhYJAg== || joined server 
2025-11-09 11:54:20 + : NicerUnde2  || pb-IF5cXhYJAg== || joined server 
2025-11-09 11:54:21 + : NicerUnde2  || pb-IF5cXhYJAg== || joined server 
2025-11-09 11:54:22 + : NicerUnde2  || pb-IF5cXhYJAg== || joined server 
2025-11-09 11:54:23 + : NicerUnde2  || pb-IF5cXhYJAg== || joined server 
2025-11-09 11:54:24 + : NicerUnde2  || pb-IF5cXhYJAg== || joined server 
2025-11-09 11:54:25 + : NicerUnde2  || pb-IF5cXhYJAg== || joined server 
2025-11-09 11:54:26 + : NicerUnde2  || pb-IF5cXhYJAg== || joined server 
2025-11-09 11:54:27 + : NicerUnde2  || pb-IF5cXhYJAg== || joined server 
2025-11-09 11:54:28 + : NicerUnde2  || pb-IF5cXhYJAg== || joined server 
2025-11-09 11:54:29 + : NicerUnde2  || pb-IF5cXhYJAg== || joined server 
2025-11-09 11:54:30 + : NicerUnde2  || pb-IF5cXhYJAg== || joined server 
2025-11-09 11:54:31 + : NicerUnde2  || pb-IF5cXhYJAg== || joined server 
2025-11-09 11:54:32 + : NicerUnde2  || pb-IF5cXhYJAg== || joined server 
2025-11-09 11:54:33 + : Abdulkalam  || pb-IF4dUk8mMg== || joined server 
2025-11-09 11:54:33 + : NicerUnde2  || pb-IF5cXhYJAg== || joined server 
2025-11-09 11:54:34 + : Abdulkalam  || pb-IF4dUk8mMg== || joined server 
2025-11-09 11:54:34 + : NicerUnde2  || pb-IF5cXhYJAg== || joined server 
2025-11-09 11:54:35 + : Abdulkalam  || pb-IF4dUk8mMg== || joined server 
2025-11-09 11:54:35 + : NicerUnde2  || pb-IF5cXhYJAg== || joined server 
2025-11-09 11:54:36 + : Abdulkalam  || pb-IF4dUk8mMg== || joined server 
2025-11-09 11:54:36 + : NicerUnde2  || pb-IF5cXhYJAg== || joined server 
2025-11-09 11:54:37 + : Abdulkalam  || pb-IF4dUk8mMg== || joined server 
2025-11-09 11:54:37 + : NicerUnde2  || pb-IF5cXhYJAg== || joined server 
2025-11-09 11:54:38 + : Abdulkalam  || pb-IF4dUk8mMg== || joined server 
2025-11-09 11:54:38 + : NicerUnde2  || pb-IF5cXhYJAg== || joined server 
2025-11-09 11:54:39 + : Abdulkalam  || pb-IF4dUk8mMg== || joined server 
2025-11-09 11:54:39 + : NicerUnde2  || pb-IF5cXhYJAg== || joined server 
2025-11-09 11:54:40 + : Abdulkalam  || pb-IF4dUk8mMg== || joined server 
2025-11-09 11:54:40 + : NicerUnde2  || pb-IF5cXhYJAg== || joined server 
2025-11-09 11:54:41 + : Abdulkalam  || pb-IF4dUk8mMg== || joined server 
2025-11-09 11:54:41 + : NicerUnde2  || pb-IF5cXhYJAg== || joined server 
2025-11-09 11:54:42 + : NicerUnde2  || pb-IF5cXhYJAg== || joined server 
2025-11-09 11:54:43 + : Abdulkalam  || pb-IF4dUk8mMg== || joined server 
2025-11-09 11:54:43 + : NicerUnde2  || pb-IF5cXhYJAg== || joined server 
2025-11-09 11:54:44 + : Abdulkalam  || pb-IF4dUk8mMg== || joined server 
2025-11-09 11:54:44 + : NicerUnde2  || pb-IF5cXhYJAg== || joined server 
2025-11-09 11:54:45 + : Abdulkalam  || pb-IF4dUk8mMg== || joined server 
2025-11-09 11:54:45 + : NicerUnde2  || pb-IF5cXhYJAg== || joined server 
2025-11-09 11:54:46 + : Abdulkalam  || pb-IF4dUk8mMg== || joined server 
2025-11-09 11:54:46 + : NicerUnde2  || pb-IF5cXhYJAg== || joined server 
2025-11-09 11:54:47 + : Abdulkalam  || pb-IF4dUk8mMg== || joined server 
2025-11-09 11:54:47 + : NicerUnde2  || pb-IF5cXhYJAg== || joined server 
2025-11-09 11:54:48 + : Abdulkalam  || pb-IF4dUk8mMg== || joined server 
2025-11-09 11:54:48 + : NicerUnde2  || pb-IF5cXhYJAg== || joined server 
2025-11-09 11:54:49 + : Abdulkalam  || pb-IF4dUk8mMg== || joined server 
2025-11-09 11:54:49 + : NicerUnde2  || pb-IF5cXhYJAg== || joined server 
2025-11-09 11:54:50 + : Abdulkalam  || pb-IF4dUk8mMg== || joined server 
2025-11-09 11:54:50 + : NicerUnde2  || pb-IF5cXhYJAg== || joined server 
2025-11-09 11:54:51 + : Abdulkalam  || pb-IF4dUk8mMg== || joined server 
2025-11-09 11:54:51 + : NicerUnde2  || pb-IF5cXhYJAg== || joined server 
2025-11-09 11:54:52 + : Abdulkalam  || pb-IF4dUk8mMg== || joined server 
2025-11-09 11:54:52 + : NicerUnde2  || pb-IF5cXhYJAg== || joined server 
2025-11-09 11:54:53 + : Abdulkalam  || pb-IF4dUk8mMg== || joined server 
2025-11-09 11:54:59 + : MaritimeDr  || pb-IF4eUlgDCA== || joined server 
2025-11-09 11:55:02 + : Abdulkalam  || pb-IF4dUk8mMg== || joined server 
2025-11-09 11:56:18 + : MaritimeDr  || pb-IF4eUlgDCA== || joined server 
2025-11-09 11:56:22 + : BEEE  || None || joined server 
2025-11-09 11:56:23 + : BEEE  || pb-IF4qUxgGXQ== || joined server 
2025-11-09 11:56:54 + : Lakshmatha  || None || joined server 
2025-11-09 11:56:55 + : Lakshmatha  || pb-IF5cXhc8Cg== || joined server 
2025-11-09 11:58:42 + : gghhuid  || None || joined server 
2025-11-09 11:58:43 + : gghhuid  || pb-IF4KUGYAFQ== || joined server 
2025-11-09 11:59:09 + : Unforg2635  || pb-IF4pUVQiAA== || joined server 
2025-11-09 12:01:57 + : Remotes559  || None || joined server 
2025-11-09 12:01:58 + : Remotes559  || pb-IF4pXhAvPA== || joined server 
2025-11-09 12:04:16 + : gokulanant  || None || joined server 
2025-11-09 12:04:17 + : gokulanant  || pb-IF4eNlI7 || joined server 
2025-11-09 12:06:36 + : Remotes559  || None || joined server 
2025-11-09 12:06:37 + : Remotes559  || pb-IF4pXhAvPA== || joined server 
2025-11-09 12:07:24 + : NoName12295145  || None || joined server 
2025-11-09 12:07:25 + : NoName12295145  || pb-IF4HUW9bKw== || joined server 
2025-11-09 12:09:01 + : Mino12Game  || pb-JiNJARBYUUFIXVdDEEZVUlRCEUhWQ1JB || joined server 
2025-11-09 12:09:25 + : rionibos65  || pb-IF5RUVhYHA== || joined server 
2025-11-09 12:10:09 + : StrawDiver  || None || joined server 
2025-11-09 12:10:10 + : StrawDiver  || pb-IF4rVRgoLA== || joined server 
2025-11-09 12:10:44 + : Arunkumar4  || None || joined server 
2025-11-09 12:10:45 + : Arunkumar4  || pb-IF4AUmoRMw== || joined server 
2025-11-09 12:11:18 + : StrawDiver  || pb-IF4rVRgoLA== || joined server 
2025-11-09 12:12:35 + : Sandeep777  || None || joined server 
2025-11-09 12:12:36 + : Sandeep777  || pb-IF4PXhE9Bg== || joined server 
2025-11-09 12:14:09 + : SUPERTHALA  || pb-IF4pUBIONA== || joined server 
2025-11-09 12:14:10 + : ProteanSq3  || pb-IF43VFg8Vg== || joined server 
2025-11-09 12:15:47 + : DaBooiiDeb  || pb-IF4GXhYoKw== || joined server 
2025-11-09 12:16:05 + : Rynix  || pb-IF4UUhhfEA== || joined server 
2025-11-09 12:16:38 + : Android63911832  || None || joined server 
2025-11-09 12:16:39 + : Android63911832  || pb-IF5cU08EEA== || joined server 
2025-11-09 12:17:04 + : MaritimeDr  || pb-IF4eUlgDCA== || joined server 
2025-11-09 12:17:11 + : RAIJIN  || pb-IF43UU0DBg== || joined server 
2025-11-09 12:17:24 + : MaritimeDr  || None || joined server 
2025-11-09 12:17:24 + : DrollReces  || pb-IF43XhUHFw== || joined server 
2025-11-09 12:17:25 + : MaritimeDr  || pb-IF4eUlgDCA== || joined server 
2025-11-09 12:17:52 + : MaritimeDr  || pb-IF4eUlgDCA== || joined server 
2025-11-09 12:20:42 + : iwudalways  || None || joined server 
2025-11-09 12:20:43 + : iwudalways  || pb-IF5RUXglMA== || joined server 
2025-11-09 12:21:32 + : iwudalways  || pb-IF5RUXglMA== || joined server 
2025-11-09 12:21:50 + : MaritimeDr  || pb-IF4eUlgDCA== || joined server 
2025-11-09 12:22:29 + : Partisa550  || pb-IF4UUVMJLw== || joined server 
2025-11-09 12:25:16 + : dmramoliya  || pb-IF4UFGw9 || joined server 
2025-11-09 12:25:30 + : MaritimeDr  || pb-IF4eUlgDCA== || joined server 
2025-11-09 12:26:21 + : RAIJIN  || pb-IF43UU0DBg== || joined server 
2025-11-09 12:28:41 + : RestfulBe3  || None || joined server 
2025-11-09 12:28:42 + : RestfulBe3  || pb-IF4NUVcZIg== || joined server 
2025-11-09 12:29:26 + : KingMaker3  || pb-IF5SUmNeVQ== || joined server 
2025-11-09 12:33:47 + : Abdulkalam  || pb-IF4dUk8mMg== || joined server 
2025-11-09 12:34:24 + : GOOOkM  || pb-IF4hXhJeNA== || joined server 
2025-11-09 12:35:22 + : GOOOkM  || pb-IF4hXhJeNA== || joined server 
2025-11-09 12:37:11 + : Kushagra  || None || joined server 
2025-11-09 12:37:11 + : Undete1539  || None || joined server 
2025-11-09 12:37:12 + : Kushagra  || pb-IF4VXhQ5MQ== || joined server 
2025-11-09 12:37:12 + : Undete1539  || pb-IF5SXhcyCg== || joined server 
2025-11-09 12:38:56 + : Lucky18  || None || joined server 
2025-11-09 12:38:57 + : Lucky18  || pb-IF5VU3MSMA== || joined server 
2025-11-09 12:38:58 + : RAIJIN  || pb-IF43UU0DBg== || joined server 
2025-11-09 12:40:18 + : aditykorat  || pb-IF4MVUgmIA== || joined server 
2025-11-09 12:40:22 + : Ulterio443  || pb-IF5XUVE5Ew== || joined server 
2025-11-09 12:43:24 + : KindredVoc  || None || joined server 
2025-11-09 12:43:25 + : KindredVoc  || pb-IF4-XhUhFg== || joined server 
2025-11-09 12:44:19 + : ZippySpeed  || None || joined server 
2025-11-09 12:44:20 + : ZippySpeed  || pb-IF4AU3IgEQ== || joined server 
2025-11-09 12:44:51 + : Theettayii  || None || joined server 
2025-11-09 12:44:52 + : Theettayii  || pb-IF4JUHFfHw== || joined server 
2025-11-09 12:47:17 + : Stelthy03  || pb-IF4SUEw6LQ== || joined server 
2025-11-09 12:50:06 + : NoNameA17104584  || pb-IF4uXhFdIA== || joined server 
2025-11-09 12:51:58 + : Unforg2635  || None || joined server 
2025-11-09 12:51:59 + : Unforg2635  || pb-IF4pUVQiAA== || joined server 
2025-11-09 12:52:32 + : SociablePn  || pb-IF4LUHNeHQ== || joined server 
2025-11-09 12:54:49 + : Torrent905  || pb-IF4VURktKw== || joined server 
2025-11-09 12:55:13 + : Aman6203  || pb-IF4uUFg4IQ== || joined server 
2025-11-09 12:56:00 + : MaritimeDr  || None || joined server 
2025-11-09 12:56:01 + : MaritimeDr  || pb-IF4eUlgDCA== || joined server 
2025-11-09 12:57:13 + : Abdulkalam  || pb-IF4dUk8mMg== || joined server 
2025-11-09 12:57:54 + : MaritimeDr  || pb-IF4eUlgDCA== || joined server 
2025-11-09 12:57:57 + : RAIJIN  || pb-IF43UU0DBg== || joined server 
2025-11-09 12:58:23 + : MaritimeDr  || None || joined server 
2025-11-09 12:58:23 + : Arunkumar4  || pb-IF4AUmoRMw== || joined server 
2025-11-09 12:58:23 + : RAIJIN  || pb-IF43UU0DBg== || joined server 
2025-11-09 12:58:23 + : Abdulkalam  || None || joined server 
2025-11-09 12:58:24 + : MaritimeDr  || pb-IF4eUlgDCA== || joined server 
2025-11-09 12:58:24 + : Abdulkalam  || pb-IF4dUk8mMg== || joined server 
2025-11-09 12:58:25 + : Ulterio443  || pb-IF5XUVE5Ew== || joined server 
2025-11-09 12:58:30 + : Unforg2635  || None || joined server 
2025-11-09 12:58:31 + : Unforg2635  || pb-IF4pUVQiAA== || joined server 
2025-11-09 12:58:47 + : Addybuddy  || pb-IF41UUVdFw== || joined server 
2025-11-09 13:01:36 + : heisenb152  || pb-IF4TXhUBNA== || joined server 
2025-11-09 13:02:49 + : ateshaaaaa  || pb-IF42VVoEFQ== || joined server 
2025-11-09 13:02:52 + : Imperi1371  || None || joined server 
2025-11-09 13:02:53 + : Imperi1371  || pb-IF4nUWMJAA== || joined server 
2025-11-09 13:04:59 + : BlondeThun  || pb-IF49UHgcLg== || joined server 
2025-11-09 13:05:53 + : AngeloGrey  || None || joined server 
2025-11-09 13:05:54 + : AngeloGrey  || pb-IF4tV008XA== || joined server 
2025-11-09 13:06:28 + : SatiricThi  || None || joined server 
2025-11-09 13:06:29 + : SatiricThi  || pb-IF4uVEUDKw== || joined server 
2025-11-09 13:07:33 + : Attrac2604  || pb-IF5WXhAjNQ== || joined server 
2025-11-09 13:07:48 + : subha1290  || pb-IF4gUksyMQ== || joined server 
2025-11-09 13:08:28 + : alltimelo2  || None || joined server 
2025-11-09 13:08:29 + : alltimelo2  || pb-IF4TVW4RCw== || joined server 
2025-11-09 13:09:48 + : Hehehehim  || pb-IF4XXhNdAg== || joined server 
2025-11-09 13:10:59 + : NoNameA17622286  || None || joined server 
2025-11-09 13:11:00 + : NoNameA17622286  || pb-IF4NXhVaFA== || joined server 
2025-11-09 13:11:50 + : Unforg2635  || None || joined server 
2025-11-09 13:11:51 + : Unforg2635  || pb-IF4pUVQiAA== || joined server 
2025-11-09 13:12:46 + : BeatGlitte  || pb-IF4TVVUNFg== || joined server 
2025-11-09 13:15:29 + : heisenb152  || None || joined server 
2025-11-09 13:15:30 + : heisenb152  || pb-IF4TXhUBNA== || joined server 
2025-11-09 13:15:42 + : IntrepidL4  || None || joined server 
2025-11-09 13:15:43 + : IntrepidL4  || pb-IF4CU2EHDg== || joined server 
2025-11-09 13:16:02 + : Ansh7trip  || None || joined server 
2025-11-09 13:16:03 + : Ansh7trip  || pb-IF5cXhEtNA== || joined server 
2025-11-09 13:16:25 + : HotCapacit  || pb-IF5QXhMdIQ== || joined server 
2025-11-09 13:19:36 + : ateshaaaaa  || pb-IF42VVoEFQ== || joined server 
2025-11-09 13:21:20 + : Transc1307  || pb-IF4-UVEfEQ== || joined server 
2025-11-09 13:21:30 + : NavinSree  || None || joined server 
2025-11-09 13:21:31 + : NavinSree  || pb-IF5VUhkjPQ== || joined server 
2025-11-09 13:23:52 + : Transc1307  || pb-IF4-UVEfEQ== || joined server 
2025-11-09 13:24:01 + : RAIJIN  || pb-IF43UU0DBg== || joined server 
2025-11-09 13:24:51 + : VagabondId  || pb-IF4SUXA4XQ== || joined server 
2025-11-09 13:24:56 + : Asrofi143  || pb-IF4vUkUOXA== || joined server 
2025-11-09 13:26:02 + : RAIJIN  || pb-IF43UU0DBg== || joined server 
2025-11-09 13:27:52 + : HappyTempe  || None || joined server 
2025-11-09 13:27:53 + : HappyTempe  || pb-IF4jUmcoLQ== || joined server 
2025-11-09 13:28:22 + : Transan533  || pb-IF4qXhISVA== || joined server 
2025-11-09 13:28:42 + : Ritz22  || pb-IF4XVEoDXQ== || joined server 
2025-11-09 13:30:09 + : Cricketpro  || pb-IF4oXhIDJA== || joined server 
2025-11-09 13:30:54 + : Sigma06  || pb-IF5cUmctJA== || joined server 
2025-11-09 13:32:56 + : Prettie694  || pb-IF4pUEwaUQ== || joined server 
2025-11-09 13:33:29 + : Asrofi143  || pb-IF4vUkUOXA== || joined server 
2025-11-09 13:34:42 + : NoName16890397  || None || joined server 
2025-11-09 13:34:43 + : NoName16890397  || pb-IF4PUVpdMQ== || joined server 
2025-11-09 13:35:12 + : k7a7f7e7  || pb-IF4NUWcTEw== || joined server 
2025-11-09 13:35:34 + : bombsqua61  || None || joined server 
2025-11-09 13:35:35 + : bombsqua61  || pb-IF4uURQlKg== || joined server 
2025-11-09 13:36:27 + : IntrepidL4  || None || joined server 
2025-11-09 13:36:28 + : IntrepidL4  || pb-IF4CU2EHDg== || joined server 
2025-11-09 13:36:49 + : bombsqua61  || None || joined server 
2025-11-09 13:36:50 + : bombsqua61  || pb-IF4uURQlKg== || joined server 
2025-11-09 13:36:53 + : Sigma06  || None || joined server 
2025-11-09 13:36:54 + : Sigma06  || pb-IF5cUmctJA== || joined server 
2025-11-09 13:36:57 + : ProteanSq3  || None || joined server 
2025-11-09 13:36:58 + : ProteanSq3  || pb-IF43VFg8Vg== || joined server 
2025-11-09 13:37:01 + : COMBUS1259  || pb-IF4AXhQjBA== || joined server 
2025-11-09 13:38:38 + : FiftyAttem  || None || joined server 
2025-11-09 13:38:39 + : FiftyAttem  || pb-IF4KVRINJA== || joined server 
2025-11-09 13:47:53 + : maddiralas  || None || joined server 
2025-11-09 13:47:54 + : maddiralas  || pb-IF5VUnozIw== || joined server 
2025-11-09 13:49:13 + : heisenb152  || pb-IF4TXhUBNA== || joined server 
2025-11-09 13:49:16 + : Abdulkalam  || None || joined server 
2025-11-09 13:49:17 + : Abdulkalam  || pb-IF4dUk8mMg== || joined server 
2025-11-09 13:49:27 + : Stelthy03  || pb-IF4SUEw6LQ== || joined server 
2025-11-09 13:50:45 + : RAIJIN  || None || joined server 
2025-11-09 13:50:46 + : RAIJIN  || pb-IF43UU0DBg== || joined server 
2025-11-09 13:51:31 + : Abdulkalam  || pb-IF4dUk8mMg== || joined server 
2025-11-09 13:51:49 + : FinestGeog  || pb-IF4uUkUALw== || joined server 
2025-11-09 13:52:25 + : Transan533  || pb-IF4qXhISVA== || joined server 
2025-11-09 13:54:05 + : StellarAnn  || None || joined server 
2025-11-09 13:54:06 + : StellarAnn  || pb-IF41UHA_EQ== || joined server 
2025-11-09 13:56:12 + : Android63911832  || None || joined server 
2025-11-09 13:56:13 + : Android63911832  || pb-IF5cU08EEA== || joined server 
2025-11-09 14:02:08 + : Abdulkalam  || None || joined server 
2025-11-09 14:02:08 + : Android63911832  || pb-IF5cU08EEA== || joined server 
2025-11-09 14:02:09 + : Stelthy03  || pb-IF4SUEw6LQ== || joined server 
2025-11-09 14:02:09 + : Abdulkalam  || pb-IF4dUk8mMg== || joined server 
2025-11-09 14:02:45 + : SilkenHay1  || None || joined server 
2025-11-09 14:02:46 + : SilkenHay1  || pb-IF4TUBQsVg== || joined server 
2025-11-09 14:06:12 + : BEEE  || pb-IF4qUxgGXQ== || joined server 
2025-11-09 14:09:21 + : AmberGlee7  || None || joined server 
2025-11-09 14:09:22 + : AmberGlee7  || pb-IF4KUm0NMg== || joined server 
2025-11-09 14:10:43 + : MaritimeDr  || None || joined server 
2025-11-09 14:10:44 + : MaritimeDr  || pb-IF4eUlgDCA== || joined server 
2025-11-09 14:11:15 + : MaritimeDr  || pb-IF4eUlgDCA== || joined server 
2025-11-09 14:11:25 + : MaritimeDr  || pb-IF4eUlgDCA== || joined server 
2025-11-09 14:11:47 + : Archiv21  || None || joined server 
2025-11-09 14:11:48 + : Archiv21  || pb-IF4VURMCFQ== || joined server 
2025-11-09 14:13:16 + : Kalel90  || None || joined server 
2025-11-09 14:13:17 + : Kalel90  || pb-IF43V3kI || joined server 
2025-11-09 14:14:08 + : Abdulkalam  || None || joined server 
2025-11-09 14:14:09 + : Abdulkalam  || pb-IF4dUk8mMg== || joined server 
2025-11-09 14:18:28 + : RAIJIN  || pb-IF43UU0DBg== || joined server 
2025-11-09 14:19:24 + : RAIJIN  || pb-IF43UU0DBg== || joined server 
2025-11-09 14:21:24 + : Ursraks  || None || joined server 
2025-11-09 14:21:25 + : Ursraks  || pb-IF4OUVocBg== || joined server 
2025-11-09 14:24:18 + : Annal  || None || joined server 
2025-11-09 14:24:19 + : Annal  || pb-IF5SUUwHBg== || joined server 
2025-11-09 14:24:28 + : Hehehehim  || pb-IF4XXhNdAg== || joined server 
2025-11-09 14:24:55 + : Chutumalan  || pb-IF4SUUwhVQ== || joined server 
2025-11-09 14:25:44 + : RAIJIN  || None || joined server 
2025-11-09 14:25:45 + : RAIJIN  || pb-IF43UU0DBg== || joined server 
2025-11-09 14:27:10 + : WHITU  || pb-IF5TAHQO || joined server 
2025-11-09 14:28:39 + : SpottedT43  || pb-IF4wUWtaNw== || joined server 
2025-11-09 14:30:04 + : Annal  || None || joined server 
2025-11-09 14:30:05 + : Annal  || pb-IF5SUUwHBg== || joined server 
2025-11-09 14:31:50 + : Abdulkalam  || pb-IF4dUk8mMg== || joined server 
2025-11-09 14:32:01 + : Abdulkalam  || pb-IF4dUk8mMg== || joined server 
2025-11-09 14:33:03 + : Abdulkalam  || None || joined server 
2025-11-09 14:33:04 + : Abdulkalam  || pb-IF4dUk8mMg== || joined server 
2025-11-09 14:34:58 + : Gradien577  || pb-IF4yXhU_NQ== || joined server 
2025-11-09 14:35:05 + : mrcompres2  || None || joined server 
2025-11-09 14:35:06 + : mrcompres2  || pb-IF4nXhReHA== || joined server 
2025-11-09 14:35:29 + : inom1712  || pb-IF4FD1c8 || joined server 
2025-11-09 14:42:05 + : TextualTin  || pb-IF5SVWodFA== || joined server 
2025-11-09 14:42:22 + : TextualTin  || pb-IF5SVWodFA== || joined server 
2025-11-09 14:42:56 + : TextualTin  || pb-IF5SVWodFA== || joined server 
2025-11-09 14:43:18 + : TextualTin  || None || joined server 
2025-11-09 14:43:19 + : TextualTin  || pb-IF5SVWodFA== || joined server 
2025-11-09 14:43:37 + : Abdulkalam  || pb-IF4dUk8mMg== || joined server 
2025-11-09 14:43:49 + : kishoreda5  || pb-IF4KUBYeKg== || joined server 
2025-11-09 14:44:14 + : Kpathekuk1  || pb-IF4NXhVePQ== || joined server 
2025-11-09 14:44:18 + : TextualTin  || pb-IF5SVWodFA== || joined server 
2025-11-09 14:45:03 + : TextualTin  || pb-IF5SVWodFA== || joined server 
2025-11-09 14:45:33 + : TextualTin  || None || joined server 
2025-11-09 14:45:34 + : TextualTin  || pb-IF5SVWodFA== || joined server 
2025-11-09 14:46:20 + : NoNameA6880315  || pb-IF5QUEpfLA== || joined server 
2025-11-09 14:48:07 + : Gentlem922  || pb-IF4UUXMkFw== || joined server 
2025-11-09 14:48:40 + : FacileCala  || pb-IF4BUUpSFA== || joined server 
2025-11-09 14:49:38 + : Kalel90  || pb-IF43V3kI || joined server 
2025-11-09 14:51:30 + : SakuraKanr  || pb-IF4wUHklAQ== || joined server 
2025-11-09 14:56:13 + : BEEE  || pb-IF4qUxgGXQ== || joined server 
2025-11-09 14:58:01 + : Troy07  || None || joined server 
2025-11-09 14:58:02 + : Troy07  || pb-IF4oURcCLg== || joined server 
2025-11-09 14:58:45 + : Arunkumar4  || pb-IF4AUmoRMw== || joined server 
2025-11-09 15:00:32 + : Endernever  || pb-IF5dUmcRXA== || joined server 
2025-11-09 15:01:21 + : Sensele886  || pb-IF5SUXQdNQ== || joined server 
2025-11-09 15:02:30 + : Gentlem922  || pb-IF4UUXMkFw== || joined server 
2025-11-09 15:04:54 + : Alice002  || None || joined server 
2025-11-09 15:04:55 + : Alice002  || pb-IF4CURQdKA== || joined server 
2025-11-09 15:05:43 + : Fazebudoy3  || pb-IF5XUmE4Fg== || joined server 
2025-11-09 15:11:30 + : BEEE  || None || joined server 
2025-11-09 15:11:30 + : Alice002  || None || joined server 
2025-11-09 15:11:30 + : RAIJIN  || pb-IF43UU0DBg== || joined server 
2025-11-09 15:11:31 + : BEEE  || pb-IF4qUxgGXQ== || joined server 
2025-11-09 15:11:31 + : Alice002  || pb-IF4CURQdKA== || joined server 
2025-11-09 15:11:34 + : Abdulkalam  || pb-IF4dUk8mMg== || joined server 
2025-11-09 15:11:52 + : Arunkumar4  || pb-IF4AUmoRMw== || joined server 
2025-11-09 15:11:55 + : MaritimeDr  || pb-IF4eUlgDCA== || joined server 
2025-11-09 15:12:09 + : Troy07  || None || joined server 
2025-11-09 15:12:10 + : Troy07  || pb-IF4oURcCLg== || joined server 
2025-11-09 15:13:27 + : EarlierAss  || None || joined server 
2025-11-09 15:13:28 + : EarlierAss  || pb-IF4CVFkdKQ== || joined server 
2025-11-09 15:16:58 + : Insolub995  || pb-IF4xUXAKNQ== || joined server 
2025-11-09 15:17:02 + : Insolub995  || pb-IF4xUXAKNQ== || joined server 
2025-11-09 15:17:37 + : GIRLLOVE  || pb-IF4gURBfDw== || joined server 
2025-11-09 15:17:55 + : Lucky18  || pb-IF5VU3MSMA== || joined server 
2025-11-09 15:19:45 + : Troy07  || pb-IF4oURcCLg== || joined server 
2025-11-09 15:22:42 + : Expres1009  || None || joined server 
2025-11-09 15:22:43 + : Expres1009  || pb-IF4dVUQ7PQ== || joined server 
2025-11-09 15:24:22 + : RAIJIN  || None || joined server 
2025-11-09 15:24:23 + : RAIJIN  || pb-IF43UU0DBg== || joined server 
2025-11-09 15:25:28 + : Lucky18  || None || joined server 
2025-11-09 15:25:29 + : Lucky18  || pb-IF5VU3MSMA== || joined server 
2025-11-09 15:27:04 + : Lucky18  || pb-IF5VU3MSMA== || joined server 
2025-11-09 15:30:22 + : AbsentCha3  || pb-IF4lUXMfDw== || joined server 
2025-11-09 15:31:22 + : Troy07  || None || joined server 
2025-11-09 15:31:23 + : Troy07  || pb-IF4oURcCLg== || joined server 
2025-11-09 15:35:12 + : GIRLLOVE  || pb-IF4gURBfDw== || joined server 
2025-11-09 15:38:20 + : vagabond72  || pb-IF4MUUQbBg== || joined server 
2025-11-09 15:40:11 + : GIRLLOVE  || pb-IF4gURBfDw== || joined server 
2025-11-09 15:40:23 + : Benight948  || None || joined server 
2025-11-09 15:40:24 + : Benight948  || pb-IF4KXhZSIQ== || joined server 
2025-11-09 15:40:48 + : Mutterox  || pb-IF40U2UaHA== || joined server 
2025-11-09 15:41:47 + : HeartedIm4  || pb-IF4XUU0uKA== || joined server 
2025-11-09 15:41:54 + : EarthyExam  || pb-IF4-U3EDLg== || joined server 
2025-11-09 15:42:55 + : PlatedComp  || None || joined server 
2025-11-09 15:42:56 + : PlatedComp  || pb-IF4dUGMmVQ== || joined server 
2025-11-09 15:43:28 + : RAIJIN  || None || joined server 
2025-11-09 15:43:29 + : RAIJIN  || pb-IF43UU0DBg== || joined server 
2025-11-09 15:46:08 + : StrictStra  || None || joined server 
2025-11-09 15:46:09 + : StrictStra  || pb-IF5RUBZZJg== || joined server 
2025-11-09 15:46:28 + : heisenb152  || pb-IF4TXhUBNA== || joined server 
2025-11-09 15:46:43 + : heisenb152  || None || joined server 
2025-11-09 15:46:44 + : heisenb152  || pb-IF4TXhUBNA== || joined server 
2025-11-09 15:47:24 + : heisenb152  || pb-IF4TXhUBNA== || joined server 
2025-11-09 15:49:51 + : heisenb152  || None || joined server 
2025-11-09 15:49:52 + : heisenb152  || pb-IF4TXhUBNA== || joined server 
2025-11-09 15:56:15 + : Rynix  || pb-IF4UUhhfEA== || joined server 
2025-11-09 15:57:29 + : dmramoliya  || None || joined server 
2025-11-09 15:57:30 + : dmramoliya  || pb-IF4UFGw9 || joined server 
2025-11-09 16:00:06 + : SociablePn  || pb-IF4LUHNeHQ== || joined server 
2025-11-09 16:00:57 + : heisenb152  || None || joined server 
2025-11-09 16:00:58 + : heisenb152  || pb-IF4TXhUBNA== || joined server 
2025-11-09 16:03:53 + : MIKEALSON0  || None || joined server 
2025-11-09 16:03:54 + : MIKEALSON0  || pb-IF4zUkwpAg== || joined server 
2025-11-09 16:05:42 + : heisenb152  || None || joined server 
2025-11-09 16:05:43 + : heisenb152  || pb-IF4TXhUBNA== || joined server 
2025-11-09 16:05:58 + : SociablePn  || pb-IF4LUHNeHQ== || joined server 
2025-11-09 16:09:25 + : UnfairBrea  || None || joined server 
2025-11-09 16:09:25 + : maddiralas  || pb-IF5VUnozIw== || joined server 
2025-11-09 16:42:58 + : Affected80  || pb-IF48XhUAMg== || joined server 
2025-11-09 16:45:04 + : Rynix  || None || joined server 
2025-11-09 16:45:05 + : Rynix  || pb-IF4UUhhfEA== || joined server 
2025-11-09 16:50:41 + : Rynix  || pb-IF4UUhhfEA== || joined server 
2025-11-09 17:28:22 + : kishoreda5  || pb-IF4KUBYeKg== || joined server 
2025-11-09 17:29:33 + : kishoreda5  || None || joined server 
2025-11-09 17:29:34 + : kishoreda5  || pb-IF4KUBYeKg== || joined server 
2025-11-09 17:34:20 + : Abdulkalam  || pb-IF4dUk8mMg== || joined server 
2025-11-09 17:37:52 + : Rynix  || None || joined server 
2025-11-09 17:37:53 + : Rynix  || pb-IF4UUhhfEA== || joined server 
2025-11-09 17:40:29 + : kishoreda5  || None || joined server 
2025-11-09 17:40:30 + : kishoreda5  || pb-IF4KUBYeKg== || joined server 
2025-11-09 17:43:15 + : Forever11  || pb-IF4lUXIJCQ== || joined server 
2025-11-09 17:44:18 + : Rynix  || pb-IF4UUhhfEA== || joined server 
2025-11-09 17:57:34 + : VioletPuf5  || None || joined server 
2025-11-09 17:57:35 + : VioletPuf5  || pb-IF4nUUI4XQ== || joined server 
2025-11-09 18:01:04 + : Analogo487  || None || joined server 
2025-11-09 18:01:05 + : Analogo487  || pb-IF4BUVgIJw== || joined server 
2025-11-09 18:02:17 + : DaddyDc  || pb-IF4CUxJYPA== || joined server 
2025-11-09 18:02:46 + : MaritimeDr  || pb-IF4eUlgDCA== || joined server 
2025-11-09 18:04:40 + : SHEEZO  || pb-IF4FUWlfPw== || joined server 
2025-11-09 18:06:50 + : Abdulkalam  || None || joined server 
2025-11-09 18:06:51 + : Abdulkalam  || pb-IF4dUk8mMg== || joined server 
2025-11-09 18:27:27 + : Fracti3429  || None || joined server 
2025-11-09 18:43:19 + : Stelthy03  || None || joined server 
2025-11-09 18:43:20 + : Stelthy03  || pb-IF4SUEw6LQ== || joined server 
2025-11-09 18:47:11 + : Ritz22  || pb-IF4XVEoDXQ== || joined server 
2025-11-09 18:56:53 + : Stelthy03  || pb-IF4SUEw6LQ== || joined server 
2025-11-09 18:58:37 + : AssumedTr2  || pb-IF5SXhAmPQ== || joined server 
2025-11-09 19:00:36 + : VioletPuf5  || pb-IF4nUUI4XQ== || joined server 
2025-11-09 19:01:51 + : Budgeta153  || None || joined server 
2025-11-09 19:01:52 + : Budgeta153  || pb-IF4UVUcuHw== || joined server 
2025-11-09 19:05:40 + : Preocc1224  || None || joined server 
2025-11-09 19:05:42 + : Preocc1224  || pb-IF4wXhMmXQ== || joined server 
2025-11-09 19:08:15 + : CalmerWund  || None || joined server 
2025-11-09 19:08:16 + : CalmerWund  || pb-IF5XXhcDXA== || joined server 
2025-11-09 19:10:47 + : earlbryan2  || pb-IF5VXhgiCg== || joined server 
2025-11-09 19:12:15 + : CalmerWund  || None || joined server 
2025-11-09 19:12:16 + : CalmerWund  || pb-IF5XXhcDXA== || joined server 
2025-11-09 19:13:12 + : earlbryan2  || None || joined server 
2025-11-09 20:46:59 + : AssumedTr2  || pb-IF5SXhAmPQ== || joined server 
2025-11-09 21:01:09 + : Darkman01  || pb-IF41U1UFHA== || joined server 
2025-11-09 21:06:35 + : HornedSing  || None || joined server 
2025-11-09 21:06:36 + : HornedSing  || pb-IF4nU1UHPA== || joined server 
2025-11-09 21:29:06 + : nimhil8282  || None || joined server 
2025-11-09 21:29:07 + : nimhil8282  || pb-IF4cVBQ6IA== || joined server 
2025-11-09 21:33:58 + : Ahmedhero8  || None || joined server 
2025-11-09 21:33:59 + : Ahmedhero8  || pb-IF5UUlYqCg== || joined server 
2025-11-10 04:13:20 + : Stricke599  || pb-IF5UXhZYJA== || joined server 
2025-11-10 04:18:18 + : Stricke599  || pb-IF5UXhZYJA== || joined server 
2025-11-10 04:18:50 + : Stricke599  || pb-IF5UXhZYJA== || joined server 
2025-11-10 04:22:36 + : Hazara  || pb-IF4GUU9aLg== || joined server 
2025-11-10 04:53:03 + : HornedSing  || pb-IF4nU1UHPA== || joined server 
2025-11-10 05:01:57 + : SwampyBloc  || pb-IF5SUXhcUA== || joined server 
2025-11-10 05:02:58 + : SwampyBloc  || pb-IF5SUXhcUA== || joined server 
2025-11-10 05:03:34 + : DiamondCe4  || pb-IF4XUVY5NQ== || joined server 
2025-11-10 05:09:25 + : Addybuddy  || pb-IF41UUVdFw== || joined server 
2025-11-10 05:22:44 + : qPowerfulS  || pb-IF4TU0slAQ== || joined server 
2025-11-10 05:24:20 + : FAIRY89  || pb-IF5dXhQuXA== || joined server 
2025-11-10 05:29:14 + : Ulterio443  || pb-IF5XUVE5Ew== || joined server 
2025-11-10 05:40:51 + : HigherReso  || pb-IF4WXhYqIw== || joined server 
2025-11-10 05:42:27 + : Alice002  || None || joined server 
2025-11-10 05:42:28 + : Alice002  || pb-IF4CURQdKA== || joined server 
2025-11-10 05:49:53 + : Delete1322  || pb-IF4jXhYvAg== || joined server 
2025-11-10 05:50:39 + : Ulterio443  || pb-IF5XUVE5Ew== || joined server 
2025-11-10 06:03:06 + : Transan533  || None || joined server 
2025-11-10 06:03:07 + : Transan533  || pb-IF4qXhISVA== || joined server 
2025-11-10 06:04:14 + : Delete1322  || pb-IF4jXhYvAg== || joined server 
2025-11-10 07:54:27 + : CODHALIMYT  || pb-IF5SUFhaDg== || joined server 
2025-11-10 07:54:59 + : CODHALIMYT  || None || joined server 
2025-11-10 07:55:50 + : CODHALIMYT  || pb-IF5SUFhaDg== || joined server 
2025-11-10 07:59:42 + : StrictStra  || pb-IF5RUBZZJg== || joined server 
2025-11-10 08:48:48 + : Ronisk  || None || joined server 
2025-11-10 08:48:49 + : Ronisk  || pb-IF4pXhZYKw== || joined server 
2025-11-10 08:59:31 + : AgrarianAp  || None || joined server 
2025-11-10 08:59:32 + : AgrarianAp  || pb-IF4OUWMBAg== || joined server 
2025-11-10 09:27:39 + : IDDIMUTTI  || None || joined server 
2025-11-10 09:27:40 + : IDDIMUTTI  || pb-IF4eUHRbMw== || joined server 
2025-11-10 09:27:45 + : Phoenix27  || None || joined server 
2025-11-10 09:27:47 + : Phoenix27  || pb-IF4AUHMBFg== || joined server 
2025-11-10 09:48:07 + : je8ebeoebe  || None || joined server 
2025-11-10 09:48:08 + : je8ebeoebe  || pb-IF5WUFUmUQ== || joined server 
2025-11-10 09:51:13 + : HamedZya  || pb-IF4DVBEGEA== || joined server 
2025-11-10 09:53:38 + : HeartedIm4  || pb-IF4XUU0uKA== || joined server 
2025-11-10 09:53:48 + : Comfort286  || pb-IF42Ulk5Jw== || joined server 
2025-11-10 09:56:24 + : GIRLLOVE  || None || joined server 
2025-11-10 09:56:25 + : GIRLLOVE  || pb-IF4gURBfDw== || joined server 
2025-11-10 09:56:39 + : GnarlyRefl  || pb-IF4sUmM5AQ== || joined server 
2025-11-10 09:59:48 + : NoName16890397  || None || joined server 
2025-11-10 09:59:49 + : NoName16890397  || pb-IF4PUVpdMQ== || joined server 
2025-11-10 10:00:50 + : Comfort286  || pb-IF42Ulk5Jw== || joined server 
2025-11-10 10:05:17 + : DazedZebra  || None || joined server 
2025-11-10 10:05:18 + : DazedZebra  || pb-IF5RVRkjAQ== || joined server 
2025-11-10 10:05:51 + : Comfort286  || None || joined server 
2025-11-10 10:05:52 + : Comfort286  || pb-IF42Ulk5Jw== || joined server 
2025-11-10 10:06:34 + : Doctri1623  || None || joined server 
2025-11-10 10:06:35 + : Doctri1623  || pb-IF4AUWQ5LQ== || joined server 
2025-11-10 10:08:43 + : Tealesss  || pb-IF4uU3RYMw== || joined server 
2025-11-10 10:09:34 + : Doctri1623  || None || joined server 
2025-11-10 10:09:35 + : Doctri1623  || pb-IF4AUWQ5LQ== || joined server 
2025-11-10 10:09:42 + : DazedZebra  || None || joined server 
2025-11-10 10:09:43 + : DazedZebra  || pb-IF5RVRkjAQ== || joined server 
2025-11-10 10:10:51 + : Doctri1623  || None || joined server 
2025-11-10 10:10:52 + : Doctri1623  || pb-IF4AUWQ5LQ== || joined server 
2025-11-10 10:11:03 + : Doctri1623  || None || joined server 
2025-11-10 10:11:04 + : Doctri1623  || pb-IF4AUWQ5LQ== || joined server 
2025-11-10 10:13:48 + : Ok1eDok1e  || pb-IF5WXhFTXQ== || joined server 
2025-11-10 10:15:07 + : Ulterio443  || pb-IF5XUVE5Ew== || joined server 
2025-11-10 10:15:18 + : xHenox  || pb-IF4mUVkBUA== || joined server 
2025-11-10 10:16:50 + : Ok1eDok1e  || pb-IF5WXhFTXQ== || joined server 
2025-11-10 10:20:39 + : GIRLLOVE  || None || joined server 
2025-11-10 10:20:40 + : GIRLLOVE  || pb-IF4gURBfDw== || joined server 
2025-11-10 10:20:43 + : VascularF3  || pb-IF4dUUgEHA== || joined server 
2025-11-10 10:20:53 + : THEKING200  || None || joined server 
2025-11-10 10:20:54 + : THEKING200  || pb-IF4SUVEyUA== || joined server 
2025-11-10 10:23:43 + : AGENT99  || None || joined server 
2025-11-10 10:27:04 + : Ulterio443  || pb-IF5XUVE5Ew== || joined server 
2025-11-10 10:27:04 + : IvoryImmor  || pb-IF5WUVk4AQ== || joined server 
2025-11-10 10:27:04 + : GIRLLOVE  || pb-IF4gURBfDw== || joined server 
2025-11-10 10:27:05 + : thisishars  || pb-IF4-UWQcPA== || joined server 
2025-11-10 10:29:00 + : ThinnerBol  || pb-IF5dUEEKAA== || joined server 
2025-11-10 10:29:57 + : IvoryImmor  || None || joined server 
2025-11-10 10:29:58 + : IvoryImmor  || pb-IF5WUVk4AQ== || joined server 
2025-11-10 10:31:20 + : Rootin1265  || pb-IF42UVhfMw== || joined server 
2025-11-10 10:31:53 + : Lucky18  || pb-IF5VU3MSMA== || joined server 
2025-11-10 10:32:57 + : Gregar2359  || pb-IF4yUUsdBw== || joined server 
2025-11-10 10:37:48 + : Pennil1241  || None || joined server 
2025-11-10 10:37:49 + : Pennil1241  || pb-IF42XhQ7Bg== || joined server 
2025-11-10 10:41:31 + : MindedSoli  || pb-IF4GXhYqLA== || joined server 
2025-11-10 10:42:39 + : RundownTav  || pb-IF4iUFNcXA== || joined server 
2025-11-10 10:44:18 + : Suppose394  || None || joined server 
2025-11-10 10:44:19 + : Suppose394  || pb-IF4BUVg4Jw== || joined server 
2025-11-10 10:49:01 + : UnfitAppro  || None || joined server 
2025-11-10 10:49:02 + : UnfitAppro  || pb-IF4eXhNbEg== || joined server 
2025-11-10 10:50:31 + : Temper1005  || None || joined server 
2025-11-10 10:50:32 + : Temper1005  || pb-IF4LUVRaIw== || joined server 
2025-11-10 10:50:54 + : PhantomC66  || pb-IF4iUVoYFA== || joined server 
2025-11-10 10:51:09 + : DAWOOD1  || pb-IF4lUVhcFQ== || joined server 
2025-11-10 10:55:34 + : PetNoun76  || None || joined server 
2025-11-10 10:55:35 + : PetNoun76  || pb-IF4yUWsxEA== || joined server 
2025-11-10 10:58:34 + : Remotes559  || pb-IF4pXhAvPA== || joined server 
2025-11-10 10:59:07 + : Periphe338  || pb-IF4dVFIkMg== || joined server 
2025-11-10 11:00:24 + : Rootin1265  || pb-IF42UVhfMw== || joined server 
2025-11-10 11:01:33 + : SnoWwhite  || None || joined server 
2025-11-10 11:01:34 + : SnoWwhite  || pb-IF4UVWYlEw== || joined server 
2025-11-10 11:01:45 + : Moozy  || None || joined server 
2025-11-10 11:01:46 + : Moozy  || pb-IF4PVWYcEg== || joined server 
2025-11-10 11:06:18 + : PIRATE8  || pb-IF4HAHUO || joined server 
2025-11-10 11:09:33 + : HamedZya  || pb-IF4DVBEGEA== || joined server 
2025-11-10 11:10:28 + : ljh68  || pb-IF4NXhEDAQ== || joined server 
2025-11-10 11:13:31 + : ljh68  || pb-IF4NXhEDAQ== || joined server 
2025-11-10 11:13:54 + : ljh68  || None || joined server 
2025-11-10 11:13:55 + : ljh68  || pb-IF4NXhEDAQ== || joined server 
2025-11-10 11:14:51 + : BumpyPass2  || pb-IF4zUEpfDw== || joined server 
2025-11-10 11:19:14 + : GIRLLOVE  || None || joined server 
2025-11-10 11:19:15 + : GIRLLOVE  || pb-IF4gURBfDw== || joined server 
2025-11-10 11:19:29 + : GIRLLOVE  || pb-IF4gURBfDw== || joined server 
2025-11-10 11:19:56 + : Acharkuppi  || None || joined server 
2025-11-10 11:19:57 + : Acharkuppi  || pb-IF4BUxMeDA== || joined server 
2025-11-10 11:19:59 + : GIRLLOVE  || pb-IF4gURBfDw== || joined server 
2025-11-10 11:20:25 + : GIRLLOVE  || pb-IF4gURBfDw== || joined server 
2025-11-10 11:20:37 + : Budgeta153  || None || joined server 
2025-11-10 11:20:38 + : Budgeta153  || pb-IF4UVUcuHw== || joined server 
2025-11-10 11:21:39 + : GIRLLOVE  || None || joined server 
2025-11-10 11:21:40 + : GIRLLOVE  || pb-IF4gURBfDw== || joined server 
2025-11-10 11:22:27 + : megamoltme  || None || joined server 
2025-11-10 11:22:28 + : megamoltme  || pb-IF5RVWkzPQ== || joined server 
2025-11-10 11:25:13 + : HamedZya  || pb-IF4DVBEGEA== || joined server 
2025-11-10 11:30:38 + : MaritimeDr  || pb-IF4eUlgDCA== || joined server 
2025-11-10 11:32:09 + : husen0xx  || None || joined server 
2025-11-10 11:32:10 + : husen0xx  || pb-IF4jXhYgLA== || joined server 
2025-11-10 11:34:10 + : Abdulkalam  || None || joined server 
2025-11-10 11:35:25 + : Abdulkalam  || pb-IF4dUk8mMg== || joined server 
2025-11-10 11:35:32 + : MaritimeDr  || pb-IF4eUlgDCA== || joined server 
2025-11-10 11:35:37 + : Remotes559  || pb-IF4pXhAvPA== || joined server 
2025-11-10 11:36:24 + : ommanthanw  || None || joined server 
2025-11-10 11:43:05 + : SparrowPro  || None || joined server 
2025-11-10 11:43:06 + : SparrowPro  || pb-IF5VVHQ9VA== || joined server 
2025-11-10 11:44:37 + : Android68185289  || pb-IF5RXhYtNw== || joined server 
2025-11-10 11:44:46 + : NoName16890397  || None || joined server 
2025-11-10 11:44:47 + : NoName16890397  || pb-IF4PUVpdMQ== || joined server 
2025-11-10 11:56:38 + : SparrowPro  || pb-IF5VVHQ9VA== || joined server 
2025-11-10 12:05:36 + : Parenta593  || None || joined server 
2025-11-10 12:05:37 + : BeefyInvit  || pb-IF4HXhQeNA== || joined server 
2025-11-10 12:05:37 + : Parenta593  || pb-IF4oXhQMCQ== || joined server 
2025-11-10 12:08:53 + : Shuhfan  || pb-IF4WVW4tEw== || joined server 
2025-11-10 12:13:06 + : SilverMosa  || pb-IF4eVxQFLQ== || joined server 
2025-11-10 12:22:16 + : kishoreda5  || None || joined server 
2025-11-10 12:22:17 + : kishoreda5  || pb-IF4KUBYeKg== || joined server 
2025-11-10 12:22:21 + : AmberGoodn  || pb-IF4LXhVfPQ== || joined server 
2025-11-10 12:24:01 + : Fuckoff07  || pb-IF4IUFEaHQ== || joined server 
2025-11-10 12:26:49 + : RAIJIN  || None || joined server 
2025-11-10 12:55:09 + : RAIJIN  || pb-IF43UU0DBg== || joined server 
2025-11-10 12:55:42 + : Spirite660  || pb-IF4IUVoaHA== || joined server 
2025-11-10 12:56:35 + : Tanu98  || pb-IF4hUxgDKQ== || joined server 
2025-11-10 12:57:22 + : Fallaci120  || pb-IF4vU1kELw== || joined server 
2025-11-10 12:58:06 + : NoName16890397  || pb-IF4PUVpdMQ== || joined server 
2025-11-10 12:59:25 + : Alice002  || None || joined server 
2025-11-10 12:59:26 + : Alice002  || pb-IF4CURQdKA== || joined server 
2025-11-10 12:59:50 + : MinacKemon  || pb-IF4CUUIpAw== || joined server 
2025-11-10 13:05:14 + : NodalFert2  || pb-IF4-XhUEEg== || joined server 
2025-11-10 13:05:29 + : HeartedIm4  || None || joined server 
2025-11-10 13:05:30 + : HeartedIm4  || pb-IF4XUU0uKA== || joined server 
2025-11-10 13:06:46 + : ZigzagDis4  || None || joined server 
2025-11-10 13:06:47 + : ZigzagDis4  || pb-IF48XhYhCg== || joined server 
2025-11-10 13:07:23 + : RAIJIN  || None || joined server 
2025-11-10 13:07:24 + : RAIJIN  || pb-IF43UU0DBg== || joined server 
2025-11-10 13:10:50 + : SATYR  || pb-IF4PUVdSLQ== || joined server 
2025-11-10 13:11:32 + : shenmo  || None || joined server 
2025-11-10 13:11:33 + : shenmo  || pb-IF4NUVQuVA== || joined server 
2025-11-10 13:12:39 + : Alice002  || pb-IF4CURQdKA== || joined server 
2025-11-10 13:12:53 + : BlondeAbo2  || pb-IF4OUE4oPA== || joined server 
2025-11-10 13:12:59 + : shenmo  || None || joined server 
2025-11-10 13:13:00 + : shenmo  || pb-IF4NUVQuVA== || joined server 
2025-11-10 13:13:12 + : Comfort286  || None || joined server 
2025-11-10 13:13:13 + : Comfort286  || pb-IF42Ulk5Jw== || joined server 
2025-11-10 13:17:12 + : Pollute575  || pb-IF4WUVgpLw== || joined server 
2025-11-10 13:18:17 + : Annal  || None || joined server 
2025-11-10 13:18:18 + : Annal  || pb-IF5SUUwHBg== || joined server 
2025-11-10 13:24:38 + : RylieCarL0  || None || joined server 
2025-11-10 13:24:39 + : RylieCarL0  || pb-IF4dUUs-Kw== || joined server 
2025-11-10 13:28:03 + : RAIJIN  || None || joined server 
2025-11-10 13:28:04 + : RAIJIN  || pb-IF43UU0DBg== || joined server 
2025-11-10 13:28:43 + : Collate628  || pb-IF4lUEs8Fg== || joined server 
2025-11-10 13:28:59 + : Piratedman  || None || joined server 
2025-11-10 13:29:00 + : Piratedman  || pb-IF4AUhIJDg== || joined server 
2025-11-10 13:35:52 + : DeftVenera  || pb-IF4tUWEbIg== || joined server 
2025-11-10 13:36:49 + : EarthyExam  || pb-IF4-U3EDLg== || joined server 
2025-11-10 13:37:42 + : Behomosapi  || pb-IF4nVVAiLw== || joined server 
2025-11-10 13:38:17 + : MeatyFairy  || pb-IF4jNllT || joined server 
2025-11-10 13:39:04 + : MeatyFairy  || pb-IF4jNllT || joined server 
2025-11-10 13:39:43 + : RylieCarL0  || pb-IF4dUUs-Kw== || joined server 
2025-11-10 13:43:09 + : RANEES8606  || pb-IF5QElI- || joined server 
2025-11-10 13:43:30 + : RANEES8606  || pb-IF5QElI- || joined server 
2025-11-10 13:43:37 + : Nutriti188  || pb-IF4GU1klVQ== || joined server 
2025-11-10 13:44:04 + : Moozy  || pb-IF4PVWYcEg== || joined server 
2025-11-10 13:44:30 + : Mino12Game  || None || joined server 
2025-11-10 13:44:31 + : Mino12Game  || pb-JiNJARBYUUFIXVdDEEZVUlRCEUhWQ1JB || joined server 
2025-11-10 13:45:22 + : Itiner1037  || pb-IF40XhUDUA== || joined server 
2025-11-10 13:49:44 + : RylieCarL0  || pb-IF4dUUs-Kw== || joined server 
2025-11-10 13:50:00 + : Moozy  || pb-IF4PVWYcEg== || joined server 
2025-11-10 13:50:01 + : Mino12Game  || None || joined server 
2025-11-10 13:50:02 + : Mino12Game  || pb-JiNJARBYUUFIXVdDEEZVUlRCEUhWQ1JB || joined server 
2025-11-10 13:50:03 + : EarthyExam  || None || joined server 
2025-11-10 13:50:04 + : EarthyExam  || pb-IF4-U3EDLg== || joined server 
2025-11-10 13:50:29 + : RANEES8606  || None || joined server 
2025-11-10 13:50:30 + : RANEES8606  || pb-IF5QElI- || joined server 
2025-11-10 13:50:54 + : Dexter9090  || None || joined server 
2025-11-10 13:50:55 + : Dexter9090  || pb-IF4jXhUFMw== || joined server 
2025-11-10 13:51:39 + : NoName16890397  || pb-IF4PUVpdMQ== || joined server 
2025-11-10 13:54:05 + : RylieCarL0  || None || joined server 
2025-11-10 13:54:06 + : Arunkumar4  || pb-IF4AUmoRMw== || joined server 
2025-11-10 13:54:06 + : RylieCarL0  || pb-IF4dUUs-Kw== || joined server 
2025-11-10 13:55:28 + : Fracti3429  || pb-IF5WMEIE || joined server 
2025-11-10 13:56:00 + : Mino12Game  || pb-JiNJARBYUUFIXVdDEEZVUlRCEUhWQ1JB || joined server 
2025-11-10 13:57:38 + : hooahhh  || pb-JiNJARFfXEdFXVlEGU9VVFFAGEBeQFFD || joined server 
2025-11-10 13:59:32 + : Dexter9090  || pb-IF4jXhUFMw== || joined server 
2025-11-10 14:02:14 + : alfin740ID  || None || joined server 
2025-11-10 14:02:15 + : alfin740ID  || pb-IF4MVGcmIA== || joined server 
2025-11-10 14:02:45 + : ninetheve2  || pb-IF4KUHZTJA== || joined server 
2025-11-10 14:02:51 + : alfin740ID  || None || joined server 
2025-11-10 14:02:52 + : alfin740ID  || pb-IF4MVGcmIA== || joined server 
2025-11-10 14:03:04 + : ddhiiiii  || pb-IF4xUXcjVA== || joined server 
2025-11-10 14:03:06 + : Mino12Game  || pb-JiNJARBYUUFIXVdDEEZVUlRCEUhWQ1JB || joined server 
2025-11-10 14:05:11 + : CrypticC17  || pb-IF4IUGUvFA== || joined server 
2025-11-10 14:07:55 + : Transc1307  || pb-IF4-UVEfEQ== || joined server 
2025-11-10 14:20:36 + : HeavyUnde2  || pb-IF4JXhNeCg== || joined server 
2025-11-10 14:22:59 + : SpongyPro8  || pb-IF5XVWsoMQ== || joined server 
2025-11-10 14:23:18 + : muyalirrut  || None || joined server 
2025-11-10 14:23:19 + : muyalirrut  || pb-IF4NUGkmUg== || joined server 
2025-11-10 14:25:52 + : Abdulkalam  || pb-IF4dUk8mMg== || joined server 
2025-11-10 14:25:57 + : HeavyUnde2  || None || joined server 
2025-11-10 14:25:58 + : HeavyUnde2  || pb-IF4JXhNeCg== || joined server 
2025-11-10 14:27:07 + : BEEE  || None || joined server 
2025-11-10 14:27:08 + : BEEE  || pb-IF4qUxgGXQ== || joined server 
2025-11-10 14:28:28 + : NoName16890397  || None || joined server 
2025-11-10 14:28:29 + : NoName16890397  || pb-IF4PUVpdMQ== || joined server 
2025-11-10 14:28:33 + : Fracti3429  || pb-IF5WMEIE || joined server 
2025-11-10 14:30:01 + : YoungerMem  || None || joined server 
2025-11-10 14:30:02 + : YoungerMem  || pb-IF4IUXZeVA== || joined server 
2025-11-10 14:30:44 + : HappyTempe  || pb-IF4jUmcoLQ== || joined server 
2025-11-10 14:31:44 + : Asuran1  || None || joined server 
2025-11-10 14:31:45 + : Asuran1  || pb-IF4IUFgONQ== || joined server 
2025-11-10 14:33:24 + : FlashyBroh  || pb-IF5XXhYZCg== || joined server 
2025-11-10 14:34:39 + : HamedZya  || pb-IF4DVBEGEA== || joined server 
2025-11-10 14:34:55 + : RAIJIN  || pb-IF43UU0DBg== || joined server 
2025-11-10 14:37:38 + : je8ebeoebe  || pb-IF5WUFUmUQ== || joined server 
2025-11-10 14:39:52 + : Abdulkalam  || pb-IF4dUk8mMg== || joined server 
2025-11-10 14:40:23 + : RAIJIN  || pb-IF43UU0DBg== || joined server 
2025-11-10 14:40:23 + : BEEE  || pb-IF4qUxgGXQ== || joined server 
2025-11-10 14:40:24 + : je8ebeoebe  || None || joined server 
2025-11-10 14:40:25 + : je8ebeoebe  || pb-IF5WUFUmUQ== || joined server 
2025-11-10 14:40:27 + : Abdulkalam  || None || joined server 
2025-11-10 14:40:28 + : Abdulkalam  || pb-IF4dUk8mMg== || joined server 
2025-11-10 14:40:41 + : Arunkumar4  || None || joined server 
2025-11-10 14:40:42 + : Arunkumar4  || pb-IF4AUmoRMw== || joined server 
2025-11-10 14:45:27 + : Monarch581  || pb-IF4rUGUhMg== || joined server 
2025-11-10 14:45:42 + : Mino12Game  || pb-JiNJARBYUUFIXVdDEEZVUlRCEUhWQ1JB || joined server 
2025-11-10 14:45:51 + : VeiledViru  || pb-IF5dUHosLA== || joined server 
2025-11-10 14:46:17 + : YoungerMem  || None || joined server 
2025-11-10 14:46:18 + : YoungerMem  || pb-IF4IUXZeVA== || joined server 
2025-11-10 14:47:08 + : Lucky18  || pb-IF5VU3MSMA== || joined server 
2025-11-10 14:47:16 + : Comfort286  || pb-IF42Ulk5Jw== || joined server 
2025-11-10 14:47:34 + : BEEE  || None || joined server 
2025-11-10 14:47:35 + : BEEE  || pb-IF4qUxgGXQ== || joined server 
2025-11-10 14:50:03 + : VeiledViru  || pb-IF5dUHosLA== || joined server 
2025-11-10 14:55:26 + : SHOBHIT773  || pb-IF4iXhJcUQ== || joined server 
2025-11-10 14:59:11 + : Marchi1167  || pb-IF4BUUQiUQ== || joined server 
2025-11-10 14:59:27 + : tonybenzig  || None || joined server 
2025-11-10 14:59:28 + : tonybenzig  || pb-IF5WVEsiFA== || joined server 
2025-11-10 15:00:38 + : DEVILVARUN  || pb-IF4BUHgKJw== || joined server 
2025-11-10 15:03:12 + : NoName16890397  || pb-IF4PUVpdMQ== || joined server 
2025-11-10 15:03:45 + : ddhiiiii  || pb-IF4xUXcjVA== || joined server 
2025-11-10 15:04:15 + : Harriz10  || None || joined server 
2025-11-10 15:04:16 + : Harriz10  || pb-IF4lUEc9Iw== || joined server 
2025-11-10 15:05:19 + : Gamingworl  || None || joined server 
2025-11-10 15:05:20 + : Gamingworl  || pb-IF4JXhEsPQ== || joined server 
2025-11-10 15:05:44 + : satishN  || None || joined server 
2025-11-10 15:05:45 + : satishN  || pb-IF4SXhZYIw== || joined server 
2025-11-10 15:05:47 + : Gamingworl  || pb-IF4JXhEsPQ== || joined server 
2025-11-10 15:06:38 + : Rynix  || pb-IF4UUhhfEA== || joined server 
2025-11-10 15:07:27 + : YawningE34  || None || joined server 
2025-11-10 15:07:28 + : YawningE34  || pb-IF4UV24BKw== || joined server 
2025-11-10 15:07:45 + : YoungerMem  || None || joined server 
2025-11-10 15:07:46 + : YoungerMem  || pb-IF4IUXZeVA== || joined server 
2025-11-10 15:14:42 + : NoName17639784  || None || joined server 
2025-11-10 15:14:43 + : NoName17639784  || pb-IF4SXhZfHw== || joined server 
2025-11-10 15:15:49 + : PensiveD13  || pb-IF4gUUwTDQ== || joined server 
2025-11-10 15:17:08 + : GreAtHacK2  || pb-IF4XU3QKDA== || joined server 
2025-11-10 15:26:24 + : JustExpans  || None || joined server 
2025-11-10 15:26:25 + : JustExpans  || pb-IF4oUXMCFg== || joined server 
2025-11-10 15:28:02 + : Remotes559  || None || joined server 
2025-11-10 15:28:03 + : Remotes559  || pb-IF4pXhAvPA== || joined server 
2025-11-10 15:30:12 + : RAIJIN  || None || joined server 
2025-11-10 15:30:13 + : RAIJIN  || pb-IF43UU0DBg== || joined server 
2025-11-10 15:33:31 + : amiamimo  || None || joined server 
2025-11-10 15:33:32 + : amiamimo  || pb-JiNJARBTXEZHWF9HFkBQVVNBEURdRVRC || joined server 
2025-11-10 15:36:10 + : Abdulkalam  || None || joined server 
2025-11-10 15:36:11 + : Abdulkalam  || pb-IF4dUk8mMg== || joined server 
2025-11-10 15:37:01 + : GIRLLOVE  || pb-IF4gURBfDw== || joined server 
2025-11-10 15:37:20 + : PC972674  || None || joined server 
2025-11-10 15:37:21 + : PC972674  || pb-IF4PVGg_LA== || joined server 
2025-11-10 15:38:45 + : Blissfu579  || pb-IF4MUVk8Ag== || joined server 
2025-11-10 15:38:57 + : SpottyGosl  || None || joined server 
2025-11-10 15:41:19 + : Abdulkalam  || pb-IF4dUk8mMg== || joined server 
2025-11-10 15:41:19 + : RAIJIN  || pb-IF43UU0DBg== || joined server 
2025-11-10 15:42:17 + : BEEE  || pb-IF4qUxgGXQ== || joined server 
2025-11-10 15:42:52 + : Pollute508  || pb-IF5cUmETIA== || joined server 
2025-11-10 15:43:10 + : Arunkumar4  || None || joined server 
2025-11-10 15:43:11 + : Arunkumar4  || pb-IF4AUmoRMw== || joined server 
2025-11-10 15:47:06 + : GIRLLOVE  || None || joined server 
2025-11-10 15:47:07 + : GIRLLOVE  || pb-IF4gURBfDw== || joined server 
2025-11-10 15:47:11 + : ElegantLun  || pb-IF4-VFMbAg== || joined server 
2025-11-10 15:48:21 + : NoName16890397  || pb-IF4PUVpdMQ== || joined server 
2025-11-10 15:51:18 + : Remotes559  || pb-IF4pXhAvPA== || joined server 
2025-11-10 15:51:18 + : RAMSHEEDJR  || pb-IF4nVWwEVw== || joined server 
2025-11-10 15:53:26 + : Remotes559  || pb-IF4pXhAvPA== || joined server 
2025-11-10 15:53:27 + : zeeshanpro  || None || joined server 
2025-11-10 15:53:28 + : zeeshanpro  || pb-IF4IUVIcEw== || joined server 
2025-11-10 15:53:29 + : ElegantLun  || pb-IF4-VFMbAg== || joined server 
2025-11-10 15:54:01 + : Remotes559  || None || joined server 
2025-11-10 15:54:02 + : Remotes559  || pb-IF4pXhAvPA== || joined server 
2025-11-10 15:55:02 + : ShabbyGlar  || pb-IF4eUXgyFw== || joined server 
2025-11-10 15:55:23 + : PC972674  || pb-IF4PVGg_LA== || joined server 
2025-11-10 15:57:18 + : SundryEmer  || pb-IF4SUxApIg== || joined server 
2025-11-10 15:59:03 + : Mutterox  || None || joined server 
2025-11-10 15:59:04 + : Mutterox  || pb-IF40U2UaHA== || joined server 
2025-11-10 16:05:14 + : MaritimeDr  || pb-IF4eUlgDCA== || joined server 
2025-11-10 16:06:36 + : Gamedesine  || pb-IF5cUUsMMA== || joined server 
2025-11-10 16:08:29 + : HeartedIm4  || None || joined server 
2025-11-10 16:08:30 + : HeartedIm4  || pb-IF4XUU0uKA== || joined server 
2025-11-10 16:08:50 + : Comfort286  || pb-IF42Ulk5Jw== || joined server 
2025-11-10 16:09:12 + : Burfi  || pb-IF4QU0ksMQ== || joined server 
2025-11-10 16:09:51 + : NoNameA16194650  || None || joined server 
2025-11-10 16:09:52 + : NoNameA16194650  || pb-IF5WXhZeFQ== || joined server 
2025-11-10 16:10:04 + : zeeshanpro  || pb-IF4IUVIcEw== || joined server 
2025-11-10 16:10:20 + : NoNameA16194650  || None || joined server 
2025-11-10 16:10:21 + : NoNameA16194650  || pb-IF5WXhZeFQ== || joined server 
2025-11-10 16:12:10 + : HappyTempe  || pb-IF4jUmcoLQ== || joined server 
2025-11-10 16:12:36 + : THEKING200  || None || joined server 
2025-11-10 16:12:37 + : THEKING200  || pb-IF4SUVEyUA== || joined server 
2025-11-10 16:13:22 + : Burfi  || None || joined server 
2025-11-10 16:13:23 + : Burfi  || pb-IF4QU0ksMQ== || joined server 
2025-11-10 16:13:29 + : RAIJIN  || pb-IF43UU0DBg== || joined server 
2025-11-10 16:14:51 + : MaritimeDr  || pb-IF4eUlgDCA== || joined server 
2025-11-10 16:14:58 + : RAIJIN  || pb-IF43UU0DBg== || joined server 
2025-11-10 16:17:22 + : thebaddest  || None || joined server 
2025-11-10 16:17:23 + : thebaddest  || pb-IF4yVVA8Bg== || joined server 
2025-11-10 16:20:32 + : MOSKITO621  || None || joined server 
2025-11-10 16:20:33 + : MOSKITO621  || pb-IF4LVEInMQ== || joined server 
2025-11-10 16:21:56 + : KelvinLeon  || pb-IF4SUUkuEQ== || joined server 
2025-11-10 16:22:30 + : OpaquePamp  || pb-IF5TUWNSEg== || joined server 
2025-11-10 16:23:34 + : MIKEALSON0  || None || joined server 
2025-11-10 16:23:35 + : MIKEALSON0  || pb-IF4zUkwpAg== || joined server 
2025-11-10 16:23:41 + : Android68192206  || None || joined server 
2025-11-10 16:23:42 + : Android68192206  || pb-IF40XhQ4VA== || joined server 
2025-11-10 16:24:05 + : AJEETHRBOS  || None || joined server 
2025-11-10 16:24:06 + : AJEETHRBOS  || pb-JiNJARFaUkJJVVxEFUBSU1BHFUBYR1JC || joined server 
2025-11-10 16:24:52 + : Fuzzeko  || None || joined server 
2025-11-10 16:24:53 + : Fuzzeko  || pb-JiNJARFeUEJDWV1HFkRSU1FCF0hWQVJC || joined server 
2025-11-10 16:25:45 + : SmallerGr2  || None || joined server 
2025-11-10 16:25:46 + : SmallerGr2  || pb-IF43XhURFA== || joined server 
2025-11-10 16:27:53 + : PriorReput  || pb-IF4NUXYHJw== || joined server 
2025-11-10 16:28:52 + : Glorio1144  || None || joined server 
2025-11-10 16:28:53 + : Glorio1144  || pb-IF4HUVJYXQ== || joined server 
2025-11-10 16:32:48 + : Fuzzeko  || None || joined server 
2025-11-10 16:32:49 + : Fuzzeko  || pb-JiNJARFeUEJDWV1HFkRSU1FCF0hWQVJC || joined server 
2025-11-10 16:33:12 + : Propri1267  || pb-IF49XhQOLw== || joined server 
2025-11-10 16:33:38 + : Propri1267  || None || joined server 
2025-11-10 16:33:39 + : Propri1267  || pb-IF49XhQOLw== || joined server 
2025-11-10 16:34:16 + : SlenderOr9  || pb-IF4lUXoPKQ== || joined server 
2025-11-10 16:34:58 + : PriorReput  || pb-IF4NUXYHJw== || joined server 
2025-11-10 16:35:02 + : OpaquePamp  || pb-IF5TUWNSEg== || joined server 
2025-11-10 16:35:11 + : subha1290  || pb-IF4gUksyMQ== || joined server 
2025-11-10 16:39:39 + : Shashank33  || pb-IF4FURQT || joined server 
2025-11-10 16:39:40 + : ShankZz  || pb-IF4lUUwtNA== || joined server 
2025-11-10 16:42:26 + : HeartedIm4  || None || joined server 
2025-11-10 16:42:27 + : HeartedIm4  || pb-IF4XUU0uKA== || joined server 
2025-11-10 16:42:30 + : OpaquePamp  || None || joined server 
2025-11-10 16:42:31 + : OpaquePamp  || pb-IF5TUWNSEg== || joined server 
2025-11-10 16:42:53 + : Comfort286  || pb-IF42Ulk5Jw== || joined server 
2025-11-10 16:46:07 + : Moozy  || None || joined server 
2025-11-10 16:46:08 + : Moozy  || pb-IF4PVWYcEg== || joined server 
2025-11-10 16:46:19 + : NoxiousCo6  || pb-IF4sU1IhVw== || joined server 
2025-11-10 16:52:57 + : PointedRa4  || None || joined server 
2025-11-10 16:52:58 + : PointedRa4  || pb-IF4tUkFTVQ== || joined server 
2025-11-10 16:53:02 + : Lunatic210  || pb-IF5XXhUeFQ== || joined server 
2025-11-10 16:55:09 + : Scurri1533  || pb-IF4XXhEFVQ== || joined server 
2025-11-10 16:55:16 + : Captiva305  || None || joined server 
2025-11-10 16:55:17 + : Captiva305  || pb-IF4yUmEkKg== || joined server 
2025-11-10 16:57:17 + : Refrac2984  || pb-IF4FXhUiMg== || joined server 
2025-11-10 16:58:24 + : Rynix  || None || joined server 
2025-11-10 16:58:25 + : Rynix  || pb-IF4UUhhfEA== || joined server 
2025-11-10 16:59:26 + : NoName16890397  || pb-IF4PUVpdMQ== || joined server 
2025-11-10 17:01:12 + : shariq7870  || pb-IF4yVEQAJA== || joined server 
2025-11-10 17:01:48 + : TypicalLe8  || pb-IF4-UkwqVg== || joined server 
2025-11-10 17:05:47 + : Explos1004  || pb-IF4GXhMqUw== || joined server 
2025-11-10 17:08:07 + : Yashbhuwad  || pb-IF4AXhI-EQ== || joined server 
2025-11-10 17:08:11 + : Rynix  || pb-IF4UUhhfEA== || joined server 
2025-11-10 17:09:13 + : muyalirrut  || None || joined server 
2025-11-10 17:09:14 + : muyalirrut  || pb-IF4NUGkmUg== || joined server 
2025-11-10 17:20:50 + : NoName16890397  || None || joined server 
2025-11-10 17:20:51 + : NoName16890397  || pb-IF4PUVpdMQ== || joined server 
2025-11-10 17:31:16 + : MaritimeDr  || pb-IF4eUlgDCA== || joined server 
2025-11-10 17:42:53 + : Rynix  || pb-IF4UUhhfEA== || joined server 
2025-11-10 17:43:35 + : Rynix  || pb-IF4UUhhfEA== || joined server 
2025-11-10 17:44:12 + : Rynix  || None || joined server 
2025-11-10 17:44:13 + : Rynix  || pb-IF4UUhhfEA== || joined server 
2025-11-10 17:44:35 + : Rynix  || None || joined server 
2025-11-10 17:44:36 + : Rynix  || pb-IF4UUhhfEA== || joined server 
2025-11-10 17:45:51 + : AssumedTr2  || pb-IF5SXhAmPQ== || joined server 
2025-11-10 18:00:33 + : Rynix  || pb-IF4UUhhfEA== || joined server 
2025-11-10 18:00:55 + : Rynix  || pb-IF4UUhhfEA== || joined server 
2025-11-10 18:01:46 + : MaritimeDr  || pb-IF4eUlgDCA== || joined server 
2025-11-10 18:03:24 + : MRDevilXSo  || pb-IF4MXhQPJw== || joined server 
2025-11-10 18:05:44 + : Rajveercha  || pb-IF4wXhQYJA== || joined server 
2025-11-10 18:07:21 + : Abdulkalam  || None || joined server 
2025-11-10 18:07:24 + : Abdulkalam  || pb-IF4dUk8mMg== || joined server 
2025-11-10 18:15:17 + : MaritimeDr  || None || joined server 
2025-11-10 18:15:18 + : MaritimeDr  || pb-IF4eUlgDCA== || joined server 
2025-11-10 18:22:57 + : karthiksu7  || pb-IF4eIxZb || joined server 
2025-11-10 18:29:00 + : Rynix  || pb-IF4UUhhfEA== || joined server 
2025-11-10 18:30:29 + : MaritimeDr  || pb-IF4eUlgDCA== || joined server 
2025-11-10 18:30:44 + : NoName11399354  || None || joined server 
2025-11-10 18:30:45 + : NoName11399354  || pb-IF5dUWkRMA== || joined server 
2025-11-10 18:31:05 + : muyalirrut  || None || joined server 
2025-11-10 18:31:06 + : muyalirrut  || pb-IF4NUGkmUg== || joined server 
2025-11-10 18:39:38 + : MaritimeDr  || pb-IF4eUlgDCA== || joined server 
2025-11-10 18:47:28 + : Abdulkalam  || pb-IF4dUk8mMg== || joined server 
2025-11-10 18:47:34 + : MaritimeDr  || pb-IF4eUlgDCA== || joined server 
2025-11-10 18:47:41 + : Rynix  || None || joined server 
2025-11-10 18:47:42 + : Rynix  || pb-IF4UUhhfEA== || joined server 
2025-11-10 18:52:25 + : Abdulkalam  || pb-IF4dUk8mMg== || joined server 
2025-11-10 18:52:30 + : MaritimeDr  || None || joined server 
2025-11-10 18:52:31 + : MaritimeDr  || pb-IF4eUlgDCA== || joined server 
2025-11-10 18:52:52 + : Rynix  || pb-IF4UUhhfEA== || joined server 
2025-11-10 18:52:59 + : Duckyy  || pb-IF4VXhMxLg== || joined server 
2025-11-10 18:53:12 + : StubornKid  || None || joined server 
2025-11-10 18:53:13 + : StubornKid  || pb-IF4vV1EzAA== || joined server 
2025-11-10 18:53:58 + : RaggedOut2  || pb-IF4WUXAJVA== || joined server 
2025-11-10 18:54:14 + : RaggedOut2  || pb-IF4WUXAJVA== || joined server 
2025-11-10 18:55:05 + : sreyasP777  || None || joined server 
2025-11-10 18:55:06 + : sreyasP777  || pb-IF4mUHIBAw== || joined server 
2025-11-10 18:58:38 + : HeavyUnde2  || pb-IF4JXhNeCg== || joined server 
2025-11-10 18:59:32 + : Abdulkalam  || pb-IF4dUk8mMg== || joined server 
2025-11-10 18:59:32 + : Rynix  || pb-IF4UUhhfEA== || joined server 
2025-11-10 19:00:55 + : RaggedOut2  || None || joined server 
2025-11-10 19:00:56 + : RaggedOut2  || pb-IF4WUXAJVA== || joined server 
2025-11-10 19:01:47 + : MaritimeDr  || pb-IF4eUlgDCA== || joined server 
2025-11-10 19:07:05 + : MaritimeDr  || pb-IF4eUlgDCA== || joined server 
2025-11-10 19:07:11 + : Skyspace52  || pb-IF4TXhUkIQ== || joined server 
2025-11-10 19:09:01 + : MaritimeDr  || pb-IF4eUlgDCA== || joined server 
2025-11-10 19:10:20 + : Rynix  || pb-IF4UUhhfEA== || joined server 
2025-11-10 19:10:53 + : WizardAka  || None || joined server 
2025-11-10 19:10:54 + : WizardAka  || pb-IF40UVNTBg== || joined server 
2025-11-10 19:11:20 + : Skyspace52  || pb-IF4TXhUkIQ== || joined server 
2025-11-10 19:13:29 + : BadX22  || pb-IF5UUm8iNg== || joined server 
2025-11-10 19:14:17 + : Kalel90  || pb-IF43V3kI || joined server 
2025-11-10 19:16:21 + : MaritimeDr  || pb-IF4eUlgDCA== || joined server 
2025-11-10 19:21:41 + : MaritimeDr  || pb-IF4eUlgDCA== || joined server 
2025-11-10 19:21:45 + : Skyspace52  || None || joined server 
2025-11-10 19:21:46 + : Skyspace52  || pb-IF4TXhUkIQ== || joined server 
2025-11-10 19:30:05 + : muyalirrut  || None || joined server 
2025-11-10 19:30:06 + : muyalirrut  || pb-IF4NUGkmUg== || joined server 
2025-11-10 19:31:45 + : Abdulkalam  || pb-IF4dUk8mMg== || joined server 
2025-11-10 19:33:56 + : CrimsonHit  || pb-IF4dV0wYKQ== || joined server 
2025-11-10 19:34:01 + : MaritimeDr  || pb-IF4eUlgDCA== || joined server 
2025-11-10 19:36:21 + : Rynix  || pb-IF4UUhhfEA== || joined server 
2025-11-10 19:36:29 + : Abdulkalam  || pb-IF4dUk8mMg== || joined server 
2025-11-10 19:36:38 + : MaritimeDr  || None || joined server 
2025-11-10 19:36:39 + : MaritimeDr  || pb-IF4eUlgDCA== || joined server 
2025-11-10 19:40:18 + : Abdulkalam  || pb-IF4dUk8mMg== || joined server 
2025-11-10 19:40:54 + : Rynix  || pb-IF4UUhhfEA== || joined server 
2025-11-10 19:46:21 + : BadX22  || pb-IF5UUm8iNg== || joined server 
2025-11-10 19:47:32 + : Abdulkalam  || pb-IF4dUk8mMg== || joined server 
2025-11-10 19:49:25 + : Rynix  || pb-IF4UUhhfEA== || joined server 
2025-11-10 22:34:41 + : ComicMidst  || None || joined server 
2025-11-10 22:34:42 + : ComicMidst  || pb-IF4BXhQgEA== || joined server 
2025-11-10 22:35:39 + : ddhiiiii  || None || joined server 
2025-11-10 22:35:40 + : ddhiiiii  || pb-IF4xUXcjVA== || joined server 
2025-11-11 02:36:11 + : MaritimeDr  || None || joined server 
2025-11-11 02:36:12 + : MaritimeDr  || pb-IF4eUlgDCA== || joined server 
2025-11-11 02:36:51 + : MaritimeDr  || pb-IF4eUlgDCA== || joined server 
2025-11-11 02:37:24 + : anees1808  || None || joined server 
2025-11-11 02:37:25 + : anees1808  || pb-IF4nVBUYLA== || joined server 
2025-11-11 02:39:32 + : Cricketpro  || pb-IF4oXhIDJA== || joined server 
2025-11-11 02:42:23 + : Puncti1263  || None || joined server 
2025-11-11 02:42:24 + : Puncti1263  || pb-IF4vXhUENg== || joined server 
2025-11-11 02:42:58 + : Puncti1263  || None || joined server 
2025-11-11 02:42:59 + : Puncti1263  || pb-IF4vXhUENg== || joined server 
2025-11-11 02:43:23 + : Scurri1533  || pb-IF4XXhEFVQ== || joined server 
2025-11-11 02:48:05 + : Darkman01  || pb-IF41U1UFHA== || joined server 
2025-11-11 03:02:06 + : deyiieeee  || None || joined server 
2025-11-11 03:02:07 + : deyiieeee  || pb-IF4mUE0HAg== || joined server 
2025-11-11 03:02:43 + : NIZOKING45  || None || joined server 
2025-11-11 03:02:44 + : NIZOKING45  || pb-IF4dUFQKUw== || joined server 
2025-11-11 04:44:59 + : Prematu967  || pb-IF4FUXJaKw== || joined server 
2025-11-11 04:45:40 + : Prematu967  || pb-IF4FUXJaKw== || joined server 
2025-11-11 04:56:23 + : kavipriya3  || pb-IF4-XhUNUg== || joined server 
2025-11-11 04:56:47 + : THEDRAGONH  || None || joined server 
2025-11-11 04:56:48 + : THEDRAGONH  || pb-IF4dVUNTFw== || joined server 
2025-11-11 05:14:57 + : Addybuddy  || pb-IF41UUVdFw== || joined server 
2025-11-11 05:15:04 + : Addybuddy  || pb-IF41UUVdFw== || joined server 
2025-11-11 05:16:26 + : Addybuddy  || pb-IF41UUVdFw== || joined server 
2025-11-11 06:41:55 + : ObedientJ6  || pb-IF4DXhUAMw== || joined server 
2025-11-11 06:44:06 + : toxicsk43  || pb-IF4LUVZYJg== || joined server 
2025-11-11 06:55:41 + : maddiralas  || pb-IF5VUnozIw== || joined server 
2025-11-11 07:08:47 + : Ulterio443  || None || joined server 
2025-11-11 07:52:32 + : Android63911832  || None || joined server 
2025-11-11 07:52:33 + : Android63911832  || pb-IF5cU08EEA== || joined server 
2025-11-11 07:55:38 + : HigherReso  || None || joined server 
2025-11-11 07:55:39 + : HigherReso  || pb-IF4WXhYqIw== || joined server 
2025-11-11 07:56:19 + : Android63911832  || pb-IF5cU08EEA== || joined server 
2025-11-11 07:59:37 + : hydramalay  || None || joined server 
2025-11-11 07:59:38 + : hydramalay  || pb-IF4nUU9ZJw== || joined server 
2025-11-11 08:00:28 + : Averageper  || pb-IF4LU3ooHQ== || joined server 
2025-11-11 08:00:35 + : DarkReap27  || pb-IF42VEYNIQ== || joined server 
2025-11-11 08:01:00 + : Ulterio443  || None || joined server 
2025-11-11 08:01:01 + : Ulterio443  || pb-IF5XUVE5Ew== || joined server 
2025-11-11 08:01:05 + : DarkReap27  || pb-IF42VEYNIQ== || joined server 
2025-11-11 08:10:33 + : ViralDeter  || pb-IF4oXhMBIw== || joined server 
2025-11-11 08:10:34 + : hydramalay  || pb-IF4nUU9ZJw== || joined server 
2025-11-11 08:11:01 + : Ulterio443  || pb-IF5XUVE5Ew== || joined server 
2025-11-11 08:11:57 + : Monetar534  || pb-IF4gUUwuBg== || joined server 
2025-11-11 08:13:16 + : Jho7nny  || pb-JiNJARBfVEZAXlhAEkJZXVBHE0hXR1FE || joined server 
2025-11-11 08:14:26 + : PetCharter  || pb-IF4sXhUmPA== || joined server 
2025-11-11 08:15:08 + : WorstBless  || pb-IF4XUFQsFQ== || joined server 
2025-11-11 08:15:15 + : Jinwoo007  || None || joined server 
2025-11-11 08:15:16 + : Jinwoo007  || pb-IF5cXhdcMA== || joined server 
2025-11-11 08:19:24 + : IconicBlas  || pb-JiNJARFdVkJBWlpJEU9RXVBLGUlbTlVG || joined server 
2025-11-11 08:20:24 + : DapperTruc  || pb-IF4CXhY8UQ== || joined server 
2025-11-11 08:20:30 + : ImmortalB6  || None || joined server 
2025-11-11 08:20:31 + : ImmortalB6  || pb-JiNJARBbU0FJVVhBGURVVVJDFEdWRFdD || joined server 
2025-11-11 08:21:12 + : Refrac2984  || None || joined server 
2025-11-11 08:21:13 + : Refrac2984  || pb-IF4FXhUiMg== || joined server 
2025-11-11 08:22:05 + : NoName17547965  || pb-IF4yXhVfFQ== || joined server 
2025-11-11 08:22:38 + : SparrowPro  || None || joined server 
2025-11-11 08:22:39 + : SparrowPro  || pb-IF5VVHQ9VA== || joined server 
2025-11-11 08:23:35 + : NoName17547965  || pb-IF4yXhVfFQ== || joined server 
2025-11-11 08:24:21 + : Abdulkalam  || pb-IF4dUk8mMg== || joined server 
2025-11-11 08:24:58 + : Spectra688  || None || joined server 
2025-11-11 08:24:59 + : Spectra688  || pb-IF4HXhNZFA== || joined server 
2025-11-11 08:25:09 + : Android63911832  || pb-IF5cU08EEA== || joined server 
2025-11-11 08:25:48 + : Jinwoo007  || pb-IF5cXhdcMA== || joined server 
2025-11-11 08:29:11 + : Spectra688  || pb-IF4HXhNZFA== || joined server 
2025-11-11 08:29:41 + : Ulterio443  || None || joined server 
2025-11-11 08:29:42 + : Ulterio443  || pb-IF5XUVE5Ew== || joined server 
2025-11-11 08:33:24 + : Android63911832  || None || joined server 
2025-11-11 08:34:31 + : Abdulkalam  || pb-IF4dUk8mMg== || joined server 
2025-11-11 08:34:33 + : Android63911832  || None || joined server 
2025-11-11 08:34:34 + : Android63911832  || pb-IF5cU08EEA== || joined server 
2025-11-11 08:35:22 + : IconicBlas  || pb-JiNJARFdVkJBWlpJEU9RXVBLGUlbTlVG || joined server 
2025-11-11 08:36:27 + : RAMSHEEDJR  || None || joined server 
2025-11-11 08:36:28 + : RAMSHEEDJR  || pb-IF4nVWwEVw== || joined server 
2025-11-11 08:37:19 + : FresherCos  || pb-IF5dXhcKIQ== || joined server 
2025-11-11 08:38:14 + : RAMSHEEDJR  || pb-IF4nVWwEVw== || joined server 
2025-11-11 08:43:17 + : INNOCENT4t  || pb-IF4tUW8HMQ== || joined server 
2025-11-11 08:44:07 + : Lightn3064  || pb-IF4RUVYGCA== || joined server 
2025-11-11 08:46:51 + : Android63911832  || pb-IF5cU08EEA== || joined server 
2025-11-11 08:48:42 + : INNOCENT4t  || None || joined server 
2025-11-11 08:48:43 + : INNOCENT4t  || pb-IF4tUW8HMQ== || joined server 
2025-11-11 08:52:15 + : Anachro230  || None || joined server 
2025-11-11 08:52:16 + : Anachro230  || pb-IF4XUEJaDw== || joined server 
2025-11-11 08:54:30 + : je8ebeoebe  || pb-IF5WUFUmUQ== || joined server 
2025-11-11 08:57:47 + : Grandsannn  || pb-IF4VXhUGKA== || joined server 
2025-11-11 09:01:01 + : Hussarnub  || None || joined server 
2025-11-11 09:01:02 + : Hussarnub  || pb-IF40XhUnLQ== || joined server 
2025-11-11 09:01:08 + : Anachro230  || pb-IF4XUEJaDw== || joined server 
2025-11-11 09:01:20 + : CHOTAMINAT  || pb-IF5cXhcxBg== || joined server 
2025-11-11 09:05:18 + : Spirite660  || pb-IF4IUVoaHA== || joined server 
2025-11-11 09:07:50 + : je8ebeoebe  || pb-IF5WUFUmUQ== || joined server 
2025-11-11 09:08:39 + : CHOTAMINAT  || pb-IF5cXhcxBg== || joined server 
2025-11-11 09:10:09 + : DeftVenera  || pb-IF4tUWEbIg== || joined server 
2025-11-11 09:13:12 + : HigherReso  || pb-IF4WXhYqIw== || joined server 
2025-11-11 09:14:07 + : PopulousTe  || None || joined server 
2025-11-11 09:14:08 + : PopulousTe  || pb-IF4oXhQPFQ== || joined server 
2025-11-11 09:58:13 + : Brackish65  || None || joined server 
2025-11-11 09:58:14 + : Brackish65  || pb-IF4VUWwOEw== || joined server 
2025-11-11 09:58:31 + : Econom1106  || pb-IF4XUWMCJg== || joined server 
2025-11-11 09:58:44 + : NoNameA6880315  || pb-IF5QUEpfLA== || joined server 
2025-11-11 09:58:57 + : Brackish65  || None || joined server 
2025-11-11 09:58:58 + : Brackish65  || pb-IF4VUWwOEw== || joined server 
2025-11-11 10:07:08 + : MammothSp2  || pb-IF4XUG1cKg== || joined server 
2025-11-11 10:27:06 + : MoldyPood6  || pb-IF5XUWMJKg== || joined server 
2025-11-11 10:28:33 + : MammothSp2  || pb-IF4XUG1cKg== || joined server 
2025-11-11 10:29:01 + : Remotes559  || None || joined server 
2025-11-11 10:29:02 + : Remotes559  || pb-IF4pXhAvPA== || joined server 
2025-11-11 10:29:28 + : Smartest95  || pb-IF4dUWVbDg== || joined server 
2025-11-11 10:30:58 + : Conqueror0  || pb-IF4JUW8lMA== || joined server 
2025-11-11 10:31:25 + : SparrowPro  || pb-IF5VVHQ9VA== || joined server 
2025-11-11 10:32:02 + : SparrowPro  || pb-IF5VVHQ9VA== || joined server 
2025-11-11 10:32:20 + : Rheumat878  || pb-IF4LUWo9Jw== || joined server 
2025-11-11 10:34:08 + : Remotes559  || pb-IF4pXhAvPA== || joined server 
2025-11-11 10:34:16 + : Remotes559  || None || joined server 
2025-11-11 10:34:17 + : Remotes559  || pb-IF4pXhAvPA== || joined server 
2025-11-11 10:34:52 + : Remotes559  || None || joined server 
2025-11-11 10:34:53 + : Remotes559  || pb-IF4pXhAvPA== || joined server 
2025-11-11 10:37:31 + : HandTheRar  || None || joined server 
2025-11-11 10:37:32 + : HandTheRar  || pb-IF4hURUxJw== || joined server 
2025-11-11 10:39:58 + : MammothSp2  || pb-IF4XUG1cKg== || joined server 
2025-11-11 10:56:44 + : Rynix  || None || joined server 
2025-11-11 10:56:45 + : Rynix  || pb-IF4UUhhfEA== || joined server 
2025-11-11 11:03:12 + : NoNameA15202385  || None || joined server 
2025-11-11 11:03:13 + : NoNameA15202385  || pb-IF5UUU09XQ== || joined server 
2025-11-11 11:06:01 + : Android68172683  || pb-IF4iXhE4DQ== || joined server 
2025-11-11 11:07:03 + : CleftSuita  || pb-IF4-XhQ5Ew== || joined server 
2025-11-11 11:07:40 + : Transan533  || None || joined server 
2025-11-11 11:07:41 + : Transan533  || pb-IF4qXhISVA== || joined server 
2025-11-11 11:18:41 + : Abdulkalam  || pb-IF4dUk8mMg== || joined server 
2025-11-11 11:21:06 + : Abdulkalam  || None || joined server 
2025-11-11 11:21:07 + : Abdulkalam  || pb-IF4dUk8mMg== || joined server 
2025-11-11 11:24:29 + : DumbCoal10  || pb-IF4sUUlbMw== || joined server 
2025-11-11 11:26:22 + : Abdulkalam  || pb-IF4dUk8mMg== || joined server 
2025-11-11 11:30:24 + : Rynix  || pb-IF4UUhhfEA== || joined server 
2025-11-11 11:32:17 + : Practi2585  || None || joined server 
2025-11-11 11:32:18 + : Practi2585  || pb-IF4wUVZZHQ== || joined server 
2025-11-11 11:36:03 + : HigherReso  || pb-IF4WXhYqIw== || joined server 
2025-11-11 11:36:12 + : Abdulkalam  || pb-IF4dUk8mMg== || joined server 
2025-11-11 11:36:54 + : Refrac2984  || pb-IF4FXhUiMg== || joined server 
2025-11-11 11:37:57 + : Varma61923  || pb-IF4KB0Ff || joined server 
2025-11-11 11:38:14 + : HeartedIm4  || None || joined server 
2025-11-11 11:38:15 + : HeartedIm4  || pb-IF4XUU0uKA== || joined server 
2025-11-11 11:41:02 + : MaritimeDr  || pb-IF4eUlgDCA== || joined server 
2025-11-11 11:41:08 + : Tanu98  || None || joined server 
2025-11-11 11:41:09 + : Tanu98  || pb-IF4hUxgDKQ== || joined server 
2025-11-11 11:44:54 + : VR372338  || None || joined server 
2025-11-11 11:44:55 + : VR372338  || pb-IF4wU24nJA== || joined server 
2025-11-11 11:45:03 + : DumbCoal10  || None || joined server 
2025-11-11 11:45:04 + : DumbCoal10  || pb-IF4sUUlbMw== || joined server 
2025-11-11 11:50:53 + : MinacKemon  || None || joined server 
2025-11-11 11:50:54 + : MinacKemon  || pb-IF4CUUIpAw== || joined server 
2025-11-11 11:51:04 + : MinacKemon  || None || joined server 
2025-11-11 11:51:05 + : MinacKemon  || pb-IF4CUUIpAw== || joined server 
2025-11-11 11:51:58 + : HeartedIm4  || pb-IF4XUU0uKA== || joined server 
2025-11-11 12:00:16 + : Tanu98  || pb-IF4hUxgDKQ== || joined server 
2025-11-11 12:01:08 + : SpottyGosl  || None || joined server 
2025-11-11 12:01:09 + : SpottyGosl  || pb-IF4FDnQ4 || joined server 
2025-11-11 12:01:51 + : IconicBlas  || pb-JiNJARFdVkJBWlpJEU9RXVBLGUlbTlVG || joined server 
2025-11-11 12:09:40 + : zeeshanpro  || pb-IF4IUVIcEw== || joined server 
2025-11-11 12:11:47 + : Benight948  || pb-IF4KXhZSIQ== || joined server 
2025-11-11 12:12:16 + : Irrepla590  || None || joined server 
2025-11-11 12:12:17 + : Irrepla590  || pb-IF4WUVEnJA== || joined server 
2025-11-11 12:12:36 + : Benight948  || pb-IF4KXhZSIQ== || joined server 
2025-11-11 12:16:30 + : IronTrice3  || None || joined server 
2025-11-11 12:16:31 + : IronTrice3  || pb-IF4VVxReJw== || joined server 
2025-11-11 12:16:43 + : NoName16890397  || pb-IF4PUVpdMQ== || joined server 
2025-11-11 12:18:43 + : SpentPrete  || None || joined server 
2025-11-11 12:18:44 + : SpentPrete  || pb-IF4sURcuCg== || joined server 
2025-11-11 12:20:18 + : NoName16890397  || pb-IF4PUVpdMQ== || joined server 
2025-11-11 12:21:37 + : Abdulkalam  || None || joined server 
2025-11-11 12:21:38 + : Abdulkalam  || pb-IF4dUk8mMg== || joined server 
2025-11-11 12:25:03 + : PC1032151  || pb-IF4XMRce || joined server 
2025-11-11 12:34:02 + : Tanu98  || None || joined server 
2025-11-11 12:34:03 + : Tanu98  || pb-IF4hUxgDKQ== || joined server 
2025-11-11 12:37:46 + : kishoreda5  || pb-IF4KUBYeKg== || joined server 
2025-11-11 12:40:22 + : RkGamer98p  || pb-IF4DUVMFBw== || joined server 
2025-11-11 12:40:46 + : PC1032151  || pb-IF4XMRce || joined server 
2025-11-11 12:41:39 + : RoronavaZo  || pb-IF4UXhI_Kw== || joined server 
2025-11-11 12:43:03 + : ROSHITH469  || None || joined server 
2025-11-11 12:43:04 + : ROSHITH469  || pb-JiNJARFcVEZHXVZHE0dRUVBLEkFWQVFG || joined server 
2025-11-11 12:43:50 + : RkGamer98p  || pb-IF4DUVMFBw== || joined server 
2025-11-11 12:44:01 + : MaritimeDr  || None || joined server 
2025-11-11 12:44:02 + : MaritimeDr  || pb-IF4eUlgDCA== || joined server 
2025-11-11 12:44:40 + : Abdulkalam  || pb-IF4dUk8mMg== || joined server 
2025-11-11 12:44:57 + : RigidAutho  || pb-IF4zU2U7Bw== || joined server 
2025-11-11 12:45:05 + : RAIJIN  || None || joined server 
2025-11-11 12:45:06 + : RAIJIN  || pb-IF43UU0DBg== || joined server 
2025-11-11 12:45:51 + : Abdulkalam  || pb-IF4dUk8mMg== || joined server 
2025-11-11 12:46:57 + : RestfulBe3  || pb-IF4NUVcZIg== || joined server 
2025-11-11 12:47:05 + : Southw1700  || pb-IF5WXhZdFQ== || joined server 
2025-11-11 12:49:13 + : maddiralas  || None || joined server 
2025-11-11 12:49:14 + : maddiralas  || pb-IF5VUnozIw== || joined server 
2025-11-11 12:49:26 + : maddiralas  || None || joined server 
2025-11-11 12:49:27 + : maddiralas  || pb-IF5VUnozIw== || joined server 
2025-11-11 12:51:53 + : Jho7nny  || pb-JiNJARBfVEZAXlhAEkJZXVBHE0hXR1FE || joined server 
2025-11-11 12:52:38 + : Rynix  || None || joined server 
2025-11-11 12:52:39 + : Rynix  || pb-IF4UUhhfEA== || joined server 
2025-11-11 12:54:43 + : FiftyAttem  || pb-IF4KVRINJA== || joined server 
2025-11-11 12:56:22 + : Uncondi624  || pb-IF4vXhU-Ug== || joined server 
2025-11-11 12:56:39 + : HandTheRar  || pb-IF4hURUxJw== || joined server 
2025-11-11 12:58:38 + : SlyYorichi  || pb-IF4TUU5TFw== || joined server 
2025-11-11 12:59:32 + : carb0n365  || pb-IF4VXhUhKw== || joined server 
2025-11-11 13:02:55 + : SociablePn  || None || joined server 
2025-11-11 13:02:56 + : SociablePn  || pb-IF4LUHNeHQ== || joined server 
2025-11-11 13:03:09 + : Attrac2604  || None || joined server 
2025-11-11 13:04:43 + : NoName16890397  || pb-IF4PUVpdMQ== || joined server 
2025-11-11 13:04:55 + : hehhehrhrh  || pb-IF4UUW0CNQ== || joined server 
2025-11-11 13:06:46 + : SociablePn  || None || joined server 
2025-11-11 13:06:47 + : SociablePn  || pb-IF4LUHNeHQ== || joined server 
2025-11-11 13:09:14 + : Attrac2604  || pb-IF5WXhAjNQ== || joined server 
2025-11-11 13:09:31 + : Mino12Game  || pb-JiNJARBYUUFIXVdDEEZVUlRCEUhWQ1JB || joined server 
2025-11-11 13:09:44 + : BEEE  || None || joined server 
2025-11-11 13:09:45 + : BEEE  || pb-IF4qUxgGXQ== || joined server 
2025-11-11 13:10:15 + : Rynix  || None || joined server 
2025-11-11 13:10:16 + : Rynix  || pb-IF4UUhhfEA== || joined server 
2025-11-11 13:11:52 + : Attrac2604  || None || joined server 
2025-11-11 13:11:53 + : Attrac2604  || pb-IF5WXhAjNQ== || joined server 
2025-11-11 13:12:33 + : IlhamShidi  || pb-IF4UXhZdIQ== || joined server 
2025-11-11 13:12:49 + : FayFayRifa  || pb-IF4HUXgiCQ== || joined server 
2025-11-11 13:13:04 + : FayFayRifa  || None || joined server 
2025-11-11 13:13:05 + : FayFayRifa  || pb-IF4HUXgiCQ== || joined server 
2025-11-11 13:17:07 + : FayFayRifa  || pb-IF4HUXgiCQ== || joined server 
2025-11-11 13:17:28 + : Ulterio443  || None || joined server 
2025-11-11 13:17:29 + : Ulterio443  || pb-IF5XUVE5Ew== || joined server 
2025-11-11 13:17:30 + : FayFayRifa  || None || joined server 
2025-11-11 13:17:31 + : FayFayRifa  || pb-IF4HUXgiCQ== || joined server 
2025-11-11 13:18:14 + : Ulterio443  || pb-IF5XUVE5Ew== || joined server 
2025-11-11 13:19:31 + : Ulterio443  || None || joined server 
2025-11-11 13:19:32 + : Ulterio443  || pb-IF5XUVE5Ew== || joined server 
2025-11-11 13:20:44 + : MinacKemon  || pb-IF4CUUIpAw== || joined server 
2025-11-11 13:21:09 + : MinacKemon  || None || joined server 
2025-11-11 13:21:10 + : MinacKemon  || pb-IF4CUUIpAw== || joined server 
2025-11-11 13:23:01 + : Simpli1422  || None || joined server 
2025-11-11 13:23:02 + : Simpli1422  || pb-IF4OUVQpPQ== || joined server 
2025-11-11 13:27:05 + : AGuy55  || pb-IF4tVFMlMg== || joined server 
2025-11-11 13:28:44 + : Abdulkalam  || None || joined server 
2025-11-11 13:28:46 + : Abdulkalam  || pb-IF4dUk8mMg== || joined server 
2025-11-11 13:29:04 + : dmramoliya  || pb-IF4UFGw9 || joined server 
2025-11-11 13:29:04 + : Arunkumar4  || pb-IF4AUmoRMw== || joined server 
2025-11-11 13:29:18 + : Rynix  || pb-IF4UUhhfEA== || joined server 
2025-11-11 13:29:38 + : Mino12Game  || pb-JiNJARBYUUFIXVdDEEZVUlRCEUhWQ1JB || joined server 
2025-11-11 13:30:58 + : NoName16890397  || None || joined server 
2025-11-11 13:30:59 + : NoName16890397  || pb-IF4PUVpdMQ== || joined server 
2025-11-11 13:32:04 + : MinacKemon  || pb-IF4CUUIpAw== || joined server 
2025-11-11 13:32:41 + : DeftVenera  || pb-IF4tUWEbIg== || joined server 
2025-11-11 13:34:04 + : Rynix  || pb-IF4UUhhfEA== || joined server 
2025-11-11 13:35:02 + : krishkanna  || pb-IF4rUFFaUQ== || joined server 
2025-11-11 13:37:36 + : Abdulkalam  || pb-IF4dUk8mMg== || joined server 
2025-11-11 13:38:02 + : Tamizhan45  || None || joined server 
2025-11-11 13:38:02 + : FayFayRifa  || pb-IF4HUXgiCQ== || joined server 
2025-11-11 13:38:02 + : Mino12Game  || pb-JiNJARBYUUFIXVdDEEZVUlRCEUhWQ1JB || joined server 
2025-11-11 13:38:02 + : Abdulkalam  || pb-IF4dUk8mMg== || joined server 
2025-11-11 13:38:03 + : Tamizhan45  || pb-IF5SU0c5CQ== || joined server 
2025-11-11 13:38:21 + : Arunkumar4  || None || joined server 
2025-11-11 13:38:22 + : Arunkumar4  || pb-IF4AUmoRMw== || joined server 
2025-11-11 13:38:24 + : Rynix  || pb-IF4UUhhfEA== || joined server 
2025-11-11 13:38:27 + : putrilutfi  || None || joined server 
2025-11-11 13:38:28 + : putrilutfi  || pb-IF4jU3cZIA== || joined server 
2025-11-11 13:38:35 + : Editori867  || pb-IF5cXhUHXA== || joined server 
2025-11-11 13:39:12 + : sixgod  || pb-IF4lUWsPPQ== || joined server 
2025-11-11 13:39:31 + : ObedientJ6  || pb-IF4DXhUAMw== || joined server 
2025-11-11 13:39:32 + : FeelTheRea  || pb-IF4QUVUtJg== || joined server 
2025-11-11 13:40:38 + : RAIJIN  || pb-IF43UU0DBg== || joined server 
2025-11-11 13:41:16 + : MeatyFairy  || None || joined server 
2025-11-11 13:43:50 + : Abdulkalam  || pb-IF4dUk8mMg== || joined server 
2025-11-11 13:43:50 + : Mino12Game  || pb-JiNJARBYUUFIXVdDEEZVUlRCEUhWQ1JB || joined server 
2025-11-11 13:43:50 + : Rynix  || pb-IF4UUhhfEA== || joined server 
2025-11-11 13:43:50 + : RAIJIN  || pb-IF43UU0DBg== || joined server 
2025-11-11 13:44:03 + : Arunkumar4  || pb-IF4AUmoRMw== || joined server 
2025-11-11 13:46:00 + : Comfort798  || pb-IF48UWIfEQ== || joined server 
2025-11-11 13:46:28 + : Monolit595  || None || joined server 
2025-11-11 13:46:29 + : Monolit595  || pb-IF4nUExaFg== || joined server 
2025-11-11 13:46:50 + : Abdulkalam  || pb-IF4dUk8mMg== || joined server 
2025-11-11 13:48:40 + : Inoffe1188  || None || joined server 
2025-11-11 13:48:41 + : Inoffe1188  || pb-IF4RUVZYMg== || joined server 
2025-11-11 13:49:45 + : Annal  || pb-IF5SUUwHBg== || joined server 
2025-11-11 13:50:04 + : digu  || pb-IF4sXhICAQ== || joined server 
2025-11-11 13:50:49 + : NoName16890397  || None || joined server 
2025-11-11 13:50:50 + : NoName16890397  || pb-IF4PUVpdMQ== || joined server 
2025-11-11 13:51:09 + : Cikun  || pb-IF4AXhMfJg== || joined server 
2025-11-11 13:51:09 + : MinacKemon  || pb-IF4CUUIpAw== || joined server 
2025-11-11 13:51:24 + : MinacKemon  || pb-IF4CUUIpAw== || joined server 
2025-11-11 13:53:17 + : StrongOrat  || pb-IF4BUGIRAA== || joined server 
2025-11-11 13:56:32 + : Ulterio443  || None || joined server 
2025-11-11 13:56:33 + : Ulterio443  || pb-IF5XUVE5Ew== || joined server 
2025-11-11 13:57:49 + : NoName16890397  || pb-IF4PUVpdMQ== || joined server 
2025-11-11 13:57:54 + : Stelthy03  || pb-IF4SUEw6LQ== || joined server 
2025-11-11 14:04:14 + : AvidGossip  || None || joined server 
2025-11-11 14:04:15 + : AvidGossip  || pb-IF4oUVcMUQ== || joined server 
2025-11-11 14:04:38 + : gowthamara  || pb-IF4lHlYg || joined server 
2025-11-11 14:05:07 + : DINESH0130  || pb-IF4mXhIcAw== || joined server 
2025-11-11 14:05:09 + : Ulterio443  || pb-IF5XUVE5Ew== || joined server 
2025-11-11 14:07:04 + : Annal  || pb-IF5SUUwHBg== || joined server 
2025-11-11 14:09:49 + : HeartedIm4  || None || joined server 
2025-11-11 14:09:50 + : HeartedIm4  || pb-IF4XUU0uKA== || joined server 
2025-11-11 14:14:24 + : gowthamara  || pb-IF4lHlYg || joined server 
2025-11-11 14:15:52 + : Comfort798  || pb-IF48UWIfEQ== || joined server 
2025-11-11 14:17:28 + : G3N3SIS  || None || joined server 
2025-11-11 14:17:29 + : G3N3SIS  || pb-IF5SVXg9Aw== || joined server 
2025-11-11 14:17:32 + : Cricketpro  || pb-IF4oXhIDJA== || joined server 
2025-11-11 14:18:03 + : Comfort286  || pb-IF42Ulk5Jw== || joined server 
2025-11-11 14:22:08 + : Annal  || None || joined server 
2025-11-11 14:22:09 + : Annal  || pb-IF5SUUwHBg== || joined server 
2025-11-11 14:24:03 + : Tanu98  || pb-IF4hUxgDKQ== || joined server 
2025-11-11 14:24:20 + : Annal  || None || joined server 
2025-11-11 14:24:21 + : Annal  || pb-IF5SUUwHBg== || joined server 
2025-11-11 14:24:28 + : gowthamara  || None || joined server 
2025-11-11 14:24:29 + : gowthamara  || pb-IF4lHlYg || joined server 
2025-11-11 14:24:35 + : Annal  || None || joined server 
2025-11-11 14:24:36 + : Annal  || pb-IF5SUUwHBg== || joined server 
2025-11-11 14:25:21 + : TactfulT18  || pb-IF5XXhg7FQ== || joined server 
2025-11-11 14:25:42 + : MaritimeDr  || pb-IF4eUlgDCA== || joined server 
2025-11-11 14:28:06 + : Abdulkalam  || pb-IF4dUk8mMg== || joined server 
2025-11-11 14:28:16 + : Arunkumar4  || pb-IF4AUmoRMw== || joined server 
2025-11-11 14:28:53 + : FeelTheRea  || None || joined server 
2025-11-11 14:28:54 + : FeelTheRea  || pb-IF4QUVUtJg== || joined server 
2025-11-11 14:32:04 + : IntrepidL4  || None || joined server 
2025-11-11 14:32:05 + : IntrepidL4  || pb-IF4CU2EHDg== || joined server 
2025-11-11 14:35:42 + : NoName16890397  || pb-IF4PUVpdMQ== || joined server 
2025-11-11 14:36:41 + : StrongOrat  || None || joined server 
2025-11-11 14:36:42 + : StrongOrat  || pb-IF4BUGIRAA== || joined server 
2025-11-11 14:36:45 + : Acharkuppi  || pb-IF4BUxMeDA== || joined server 
2025-11-11 14:37:36 + : Tanu98  || None || joined server 
2025-11-11 14:37:37 + : Tanu98  || pb-IF4hUxgDKQ== || joined server 
2025-11-11 14:44:17 + : IntrepidL4  || None || joined server 
2025-11-11 14:44:17 + : StrongOrat  || pb-IF4BUGIRAA== || joined server 
2025-11-11 14:44:17 + : Stelthy03  || pb-IF4SUEw6LQ== || joined server 
2025-11-11 14:44:19 + : IntrepidL4  || pb-IF4CU2EHDg== || joined server 
2025-11-11 14:44:38 + : Arunkumar4  || None || joined server 
2025-11-11 14:44:39 + : Arunkumar4  || pb-IF4AUmoRMw== || joined server 
2025-11-11 14:44:41 + : swethahusb  || pb-IEpJDnY= || joined server 
2025-11-11 14:44:58 + : Android68137002  || pb-IF4qUVgKEg== || joined server 
2025-11-11 14:45:10 + : Hehehehim  || pb-IF4XXhNdAg== || joined server 
2025-11-11 14:46:54 + : Tumayoka  || pb-IF4vXhZZXA== || joined server 
2025-11-11 14:47:04 + : Tanu98  || pb-IF4hUxgDKQ== || joined server 
2025-11-11 14:48:04 + : TactfulT18  || None || joined server 
2025-11-11 14:48:05 + : TactfulT18  || pb-IF5XXhg7FQ== || joined server 
2025-11-11 14:50:27 + : MaritimeDr  || None || joined server 
2025-11-11 14:50:28 + : MaritimeDr  || pb-IF4eUlgDCA== || joined server 
2025-11-11 14:51:14 + : Perfun1289  || pb-IF4TXhUdAQ== || joined server 
2025-11-11 14:52:23 + : Rynix  || pb-IF4UUhhfEA== || joined server 
2025-11-11 14:52:51 + : Android42094905  || None || joined server 
2025-11-11 14:52:52 + : Android42094905  || pb-IF49V2IaAw== || joined server 
2025-11-11 14:53:29 + : HamedZya  || None || joined server 
2025-11-11 14:53:30 + : HamedZya  || pb-IF4DVBEGEA== || joined server 
2025-11-11 14:55:03 + : GOJIRAA202  || pb-IF4jUUwpFQ== || joined server 
2025-11-11 14:56:59 + : Notice1555  || None || joined server 
2025-11-11 14:57:00 + : Notice1555  || pb-IF5XXhhaUA== || joined server 
2025-11-11 14:59:07 + : SHIVANSH76  || pb-IF4XUGtfMQ== || joined server 
2025-11-11 15:00:27 + : Stelthy03  || pb-IF4SUEw6LQ== || joined server 
2025-11-11 15:03:50 + : Stelthy03  || None || joined server 
2025-11-11 15:03:51 + : Stelthy03  || pb-IF4SUEw6LQ== || joined server 
2025-11-11 15:04:18 + : Stelthy03  || None || joined server 
2025-11-11 15:04:19 + : Stelthy03  || pb-IF4SUEw6LQ== || joined server 
2025-11-11 15:08:19 + : NoName16890397  || pb-IF4PUVpdMQ== || joined server 
2025-11-11 15:11:28 + : NerdyDiso2  || None || joined server 
2025-11-11 15:11:29 + : NerdyDiso2  || pb-IF4UUXI9UQ== || joined server 
2025-11-11 15:13:57 + : RestfulBe3  || pb-IF4NUVcZIg== || joined server 
2025-11-11 15:14:21 + : IntrepidL4  || None || joined server 
2025-11-11 15:14:22 + : IntrepidL4  || pb-IF4CU2EHDg== || joined server 
2025-11-11 15:21:32 + : ZANDR  || None || joined server 
2025-11-11 15:21:33 + : ZANDR  || pb-IF4eU04vVA== || joined server 
2025-11-11 15:21:56 + : mdunish  || pb-IF4AXhUvEg== || joined server 
2025-11-11 15:26:18 + : HeartedIm4  || None || joined server 
2025-11-11 15:26:19 + : HeartedIm4  || pb-IF4XUU0uKA== || joined server 
2025-11-11 15:27:12 + : LoadedLadd  || pb-IF4LXhUhJA== || joined server 
2025-11-11 15:27:17 + : GODLfaiz  || pb-IF4JUFYnPQ== || joined server 
2025-11-11 15:27:59 + : LoadedLadd  || pb-IF4LXhUhJA== || joined server 
2025-11-11 15:28:15 + : TeriLunga  || pb-IF4WU0wvVA== || joined server 
2025-11-11 15:29:22 + : beeeeeelow  || None || joined server 
2025-11-11 15:29:23 + : beeeeeelow  || pb-IF4lV1onAQ== || joined server 
2025-11-11 15:30:50 + : HitherPis2  || None || joined server 
2025-11-11 15:30:51 + : HitherPis2  || pb-IF4MXhU_Ig== || joined server 
2025-11-11 15:31:12 + : RestfulBe3  || pb-IF4NUVcZIg== || joined server 
2025-11-11 15:31:27 + : Zaidster22  || pb-IF5SUFEyEQ== || joined server 
2025-11-11 15:32:03 + : RAIJIN  || pb-IF43UU0DBg== || joined server 
2025-11-11 15:33:03 + : TwinsOffic  || None || joined server 
2025-11-11 15:33:04 + : TwinsOffic  || pb-IF4gUW4PKg== || joined server 
2025-11-11 15:33:04 + : TallPhant5  || pb-IF4NChEc || joined server 
2025-11-11 15:33:41 + : MIKEALSON0  || pb-IF4zUkwpAg== || joined server 
2025-11-11 15:34:12 + : RAIJIN  || None || joined server 
2025-11-11 15:34:13 + : RAIJIN  || pb-IF43UU0DBg== || joined server 
2025-11-11 15:35:19 + : NoName16890397  || pb-IF4PUVpdMQ== || joined server 
2025-11-11 15:37:00 + : GIRLLOVE  || pb-IF4gURBfDw== || joined server 
2025-11-11 15:37:30 + : GIRLLOVE  || pb-IF4gURBfDw== || joined server 
2025-11-11 15:38:13 + : Ulterio443  || None || joined server 
2025-11-11 15:38:14 + : Ulterio443  || pb-IF5XUVE5Ew== || joined server 
2025-11-11 15:38:42 + : HitherPis2  || None || joined server 
2025-11-11 15:38:43 + : HitherPis2  || pb-IF4MXhU_Ig== || joined server 
2025-11-11 15:39:22 + : MIKEALSON0  || pb-IF4zUkwpAg== || joined server 
2025-11-11 15:40:31 + : RAIJIN  || pb-IF43UU0DBg== || joined server 
2025-11-11 15:40:35 + : gowthamsin  || None || joined server 
2025-11-11 15:41:21 + : Ulterio443  || None || joined server 
2025-11-11 15:41:21 + : gowthamsin  || pb-IF5UVBERAg== || joined server 
2025-11-11 15:41:22 + : Ulterio443  || pb-IF5XUVE5Ew== || joined server 
2025-11-11 15:41:35 + : HeartedIm4  || None || joined server 
2025-11-11 15:41:36 + : HeartedIm4  || pb-IF4XUU0uKA== || joined server 
2025-11-11 15:41:57 + : HurtPunch1  || None || joined server 
2025-11-11 15:41:58 + : HurtPunch1  || pb-IF40VG4pMg== || joined server 
2025-11-11 15:42:42 + : UnfairBrea  || None || joined server 
2025-11-11 15:42:51 + : gowthamsin  || None || joined server 
2025-11-11 15:42:51 + : HeartedIm4  || None || joined server 
2025-11-11 15:42:51 + : Comfort286  || None || joined server 
2025-11-11 15:42:52 + : gowthamsin  || pb-IF5UVBERAg== || joined server 
2025-11-11 15:42:52 + : HeartedIm4  || pb-IF4XUU0uKA== || joined server 
2025-11-11 15:42:52 + : Comfort286  || pb-IF42Ulk5Jw== || joined server 
2025-11-11 15:43:01 + : UnfairBrea  || None || joined server 
2025-11-11 15:43:02 + : UnfairBrea  || pb-IF4OU0UkLw== || joined server 
2025-11-11 15:43:36 + : NoName16890397  || pb-IF4PUVpdMQ== || joined server 
2025-11-11 15:43:53 + : HeartedIm4  || None || joined server 
2025-11-11 15:43:54 + : HeartedIm4  || pb-IF4XUU0uKA== || joined server 
2025-11-11 15:48:30 + : UnfairBrea  || pb-IF4OU0UkLw== || joined server 
2025-11-11 15:52:07 + : UnfairBrea  || pb-IF4OU0UkLw== || joined server 
2025-11-11 15:52:47 + : NoNameA17104584  || None || joined server 
2025-11-11 15:52:48 + : NoNameA17104584  || pb-IF4uXhFdIA== || joined server 
2025-11-11 15:52:59 + : GIRLLOVE  || pb-IF4gURBfDw== || joined server 
2025-11-11 15:53:22 + : RAIJIN  || None || joined server 
2025-11-11 15:53:23 + : RAIJIN  || pb-IF43UU0DBg== || joined server 
2025-11-11 15:53:57 + : ddhiiiii  || None || joined server 
2025-11-11 15:53:58 + : ddhiiiii  || pb-IF4xUXcjVA== || joined server 
2025-11-11 15:55:44 + : AwkwardAf2  || None || joined server 
2025-11-11 15:55:45 + : AwkwardAf2  || pb-IF4uXhZaPw== || joined server 
2025-11-11 15:56:01 + : Bearlove45  || pb-IF5WMG4d || joined server 
2025-11-11 15:57:34 + : PC972674  || pb-IF4PVGg_LA== || joined server 
2025-11-11 15:58:04 + : Piratedman  || pb-IF4AUhIJDg== || joined server 
2025-11-11 15:58:47 + : Jagajo1413  || pb-IF5RPmId || joined server 
2025-11-11 16:01:16 + : GreasyBan3  || pb-IF48VUM-AA== || joined server 
2025-11-11 16:01:44 + : MoonPlayz  || None || joined server 
2025-11-11 16:01:45 + : MoonPlayz  || pb-IF4vXhUlCg== || joined server 
2025-11-11 16:01:53 + : Android68093964  || None || joined server 
2025-11-11 16:01:54 + : Android68093964  || pb-IF4wUVMeAA== || joined server 
2025-11-11 16:03:13 + : UnfairBrea  || None || joined server 
2025-11-11 16:03:14 + : UnfairBrea  || pb-IF4OU0UkLw== || joined server 
2025-11-11 16:07:32 + : Tanu98  || pb-IF4hUxgDKQ== || joined server 
2025-11-11 16:08:00 + : MIKEALSON0  || None || joined server 
2025-11-11 16:08:01 + : MIKEALSON0  || pb-IF4zUkwpAg== || joined server 
2025-11-11 16:09:15 + : Unsupp1216  || pb-IF4wUVcYMA== || joined server 
2025-11-11 16:09:19 + : pathakanmo  || pb-IF43U2FeHA== || joined server 
2025-11-11 16:11:20 + : Android65058491  || pb-IF43UGZZBg== || joined server 
2025-11-11 16:11:54 + : TactfulT18  || None || joined server 
2025-11-11 16:11:55 + : TactfulT18  || pb-IF5XXhg7FQ== || joined server 
2025-11-11 16:12:07 + : Comfort286  || None || joined server 
2025-11-11 16:12:08 + : Comfort286  || pb-IF42Ulk5Jw== || joined server 
2025-11-11 16:13:54 + : GloatingM3  || pb-JiNJARBdVENGXltFEURYVlVBFEBYTldH || joined server 
2025-11-11 16:16:54 + : DrMagnator  || None || joined server 
2025-11-11 16:16:55 + : DrMagnator  || pb-IF4uVUsFEA== || joined server 
2025-11-11 16:18:12 + : kishoreda5  || pb-IF4KUBYeKg== || joined server 
2025-11-11 16:18:56 + : Abdulkalam  || None || joined server 
2025-11-11 16:18:57 + : Abdulkalam  || pb-IF4dUk8mMg== || joined server 
2025-11-11 16:19:41 + : RundownTav  || pb-IF4iUFNcXA== || joined server 
2025-11-11 16:23:35 + : MinacKemon  || pb-IF4CUUIpAw== || joined server 
2025-11-11 16:24:37 + : MinacKemon  || pb-IF4CUUIpAw== || joined server 
2025-11-11 16:26:33 + : RAIJIN  || pb-IF43UU0DBg== || joined server 
2025-11-11 16:26:42 + : MinacKemon  || pb-IF4CUUIpAw== || joined server 
2025-11-11 16:26:50 + : RAIJIN  || None || joined server 
2025-11-11 16:26:51 + : RAIJIN  || pb-IF43UU0DBg== || joined server 
2025-11-11 16:30:23 + : NoName16890397  || pb-IF4PUVpdMQ== || joined server 
2025-11-11 16:30:58 + : SparrowPro  || pb-IF5VVHQ9VA== || joined server 
2025-11-11 16:33:03 + : Rynix  || pb-IF4UUhhfEA== || joined server 
2025-11-11 16:33:54 + : Rynix  || pb-IF4UUhhfEA== || joined server 
2025-11-11 16:33:59 + : SparrowPro  || None || joined server 
2025-11-11 16:34:00 + : SparrowPro  || pb-IF5VVHQ9VA== || joined server 
2025-11-11 16:34:31 + : Remotes559  || pb-IF4pXhAvPA== || joined server 
2025-11-11 16:34:53 + : TwistedEn7  || None || joined server 
2025-11-11 16:34:54 + : TwistedEn7  || pb-IF43U3oAHA== || joined server 
2025-11-11 16:35:02 + : TheEmperar  || pb-IF42VxJYLQ== || joined server 
2025-11-11 16:35:12 + : Rifedropbe  || pb-IF4qUXNYNg== || joined server 
2025-11-11 16:36:26 + : Tanu98  || pb-IF4hUxgDKQ== || joined server 
2025-11-11 16:37:40 + : barbariank  || None || joined server 
2025-11-11 16:37:41 + : barbariank  || pb-IF4GVGc-Fg== || joined server 
2025-11-11 16:39:33 + : kishoreda5  || None || joined server 
2025-11-11 16:39:34 + : kishoreda5  || pb-IF4KUBYeKg== || joined server 
2025-11-11 16:40:07 + : MinacKemon  || pb-IF4CUUIpAw== || joined server 
2025-11-11 16:41:31 + : NoName16890397  || pb-IF4PUVpdMQ== || joined server 
2025-11-11 16:43:43 + : Sandeep777  || pb-IF4PXhE9Bg== || joined server 
2025-11-11 16:43:59 + : Outerm1168  || pb-IF5XUVUTEg== || joined server 
2025-11-11 16:44:15 + : FearfulAp6  || None || joined server 
2025-11-11 16:44:16 + : FearfulAp6  || pb-IF42XhUiFw== || joined server 
2025-11-11 16:45:02 + : amiamimo  || pb-JiNJARBTXEZHWF9HFkBQVVNBEURdRVRC || joined server 
2025-11-11 16:46:13 + : NoNameA17597053  || pb-IF4yXhUzEA== || joined server 
2025-11-11 16:46:23 + : RuinedCo35  || pb-IF4eXhAmAg== || joined server 
2025-11-11 16:47:34 + : TheEmperar  || None || joined server 
2025-11-11 16:47:35 + : TheEmperar  || pb-IF42VxJYLQ== || joined server 
2025-11-11 16:48:10 + : ShankZz  || None || joined server 
2025-11-11 16:48:11 + : ShankZz  || pb-IF4lUUwtNA== || joined server 
2025-11-11 16:48:27 + : NoNameA17597053  || None || joined server 
2025-11-11 16:48:28 + : NoNameA17597053  || pb-IF4yXhUzEA== || joined server 
2025-11-11 16:54:23 + : Bhushan249  || pb-IF5XUFcOXA== || joined server 
2025-11-11 16:56:13 + : NoName16890397  || None || joined server 
2025-11-11 16:56:13 + : NoNameA17597053  || pb-IF4yXhUzEA== || joined server 
2025-11-11 16:56:13 + : Bhushan249  || pb-IF5XUFcOXA== || joined server 
2025-11-11 16:56:14 + : NoName16890397  || pb-IF4PUVpdMQ== || joined server 
2025-11-11 16:56:16 + : Tanu98  || pb-IF4hUxgDKQ== || joined server 
2025-11-11 16:57:47 + : RAIJIN  || pb-IF43UU0DBg== || joined server 
2025-11-11 17:02:31 + : Jagajo1413  || pb-IF5RPmId || joined server 
2025-11-11 17:03:25 + : Moozy  || None || joined server 
2025-11-11 17:03:26 + : Moozy  || pb-IF4PVWYcEg== || joined server 
2025-11-11 17:07:12 + : Moozy  || None || joined server 
2025-11-11 17:07:13 + : Moozy  || pb-IF4PVWYcEg== || joined server 
2025-11-11 17:07:35 + : LimpingOo2  || pb-IF4JF0pZ || joined server 
2025-11-11 17:08:35 + : CorralitoL  || pb-IF4lVWEqXQ== || joined server 
2025-11-11 17:15:49 + : DarkInfere  || None || joined server 
2025-11-11 17:15:50 + : DarkInfere  || pb-IF4yXhIKAQ== || joined server 
2025-11-11 17:16:28 + : BEEE  || pb-IF4qUxgGXQ== || joined server 
2025-11-11 17:16:40 + : BEEE  || pb-IF4qUxgGXQ== || joined server 
2025-11-11 17:16:57 + : Supple1484  || pb-IF4eUUY8IA== || joined server 
2025-11-11 17:17:43 + : Conduci173  || pb-IF4oUBIsIg== || joined server 
2025-11-11 17:17:59 + : Rynix  || None || joined server 
2025-11-11 17:18:00 + : Rynix  || pb-IF4UUhhfEA== || joined server 
2025-11-11 17:19:06 + : je8ebeoebe  || pb-IF5WUFUmUQ== || joined server 
2025-11-11 17:21:03 + : NoNameA17597053  || pb-IF4yXhUzEA== || joined server 
2025-11-11 17:24:37 + : PineMaster  || pb-IF4pUGcHHQ== || joined server 
2025-11-11 17:27:08 + : je8ebeoebe  || pb-IF5WUFUmUQ== || joined server 
2025-11-11 17:29:46 + : Rynix  || pb-IF4UUhhfEA== || joined server 
2025-11-11 17:30:26 + : Supple1484  || pb-IF4eUUY8IA== || joined server 
2025-11-11 17:30:54 + : Mino12Game  || pb-JiNJARBYUUFIXVdDEEZVUlRCEUhWQ1JB || joined server 
2025-11-11 17:42:23 + : chadwikbos  || pb-IF4gUW44Fg== || joined server 
2025-11-11 17:42:25 + : HORNI23  || None || joined server 
2025-11-11 17:42:26 + : HORNI23  || pb-IF4TXhUdMw== || joined server 
2025-11-11 17:42:58 + : Rynix  || None || joined server 
2025-11-11 17:42:59 + : Rynix  || pb-IF4UUhhfEA== || joined server 
2025-11-11 17:43:11 + : muyalirrut  || None || joined server 
2025-11-11 17:43:12 + : muyalirrut  || pb-IF4NUGkmUg== || joined server 
2025-11-11 17:45:16 + : Abdulkalam  || pb-IF4dUk8mMg== || joined server 
2025-11-11 17:45:36 + : UnfairBrea  || None || joined server 
2025-11-11 17:45:36 + : Abdulkalam  || None || joined server 
2025-11-11 17:45:36 + : chadwikbos  || pb-IF4gUW44Fg== || joined server 
2025-11-11 17:45:36 + : Rynix  || pb-IF4UUhhfEA== || joined server 
2025-11-11 17:45:37 + : UnfairBrea  || pb-IF4OU0UkLw== || joined server 
2025-11-11 17:45:37 + : Abdulkalam  || pb-IF4dUk8mMg== || joined server 
2025-11-11 17:45:38 + : Mino12Game  || pb-JiNJARBYUUFIXVdDEEZVUlRCEUhWQ1JB || joined server 
2025-11-11 17:45:45 + : Supple1484  || pb-IF4eUUY8IA== || joined server 
2025-11-11 17:46:17 + : KunJuu  || None || joined server 
2025-11-11 17:46:18 + : KunJuu  || pb-IF4NU2ISAA== || joined server 
2025-11-11 17:46:20 + : BEEE  || pb-IF4qUxgGXQ== || joined server 
2025-11-11 17:46:36 + : Troy07  || pb-IF4oURcCLg== || joined server 
2025-11-11 17:46:52 + : inom1712  || None || joined server 
2025-11-11 17:46:53 + : inom1712  || pb-IF4FD1c8 || joined server 
2025-11-11 17:49:40 + : Rynix  || pb-IF4UUhhfEA== || joined server 
2025-11-11 17:51:28 + : HORNI23  || pb-IF4TXhUdMw== || joined server 
2025-11-11 17:52:49 + : AdithyaDer  || None || joined server 
2025-11-11 17:52:50 + : AdithyaDer  || pb-IF4qUVUoJA== || joined server 
2025-11-11 17:53:46 + : chadwikbos  || pb-IF4gUW44Fg== || joined server 
2025-11-11 17:54:31 + : AssuredUgl  || pb-IF4sXhIzEQ== || joined server 
2025-11-11 17:55:31 + : RancidQuai  || pb-IF5UUk9dAQ== || joined server 
2025-11-11 17:55:45 + : Inartic971  || None || joined server 
2025-11-11 17:55:46 + : Inartic971  || pb-IF48XhUdBw== || joined server 
2025-11-11 18:00:00 + : BEEE  || pb-IF4qUxgGXQ== || joined server 
2025-11-11 18:03:03 + : MeatyMetho  || pb-IF4TXhUzXA== || joined server 
2025-11-11 18:06:30 + : MOSKITO621  || pb-IF4LVEInMQ== || joined server 
2025-11-11 18:10:35 + : Scurri1533  || None || joined server 
2025-11-11 18:10:36 + : Scurri1533  || pb-IF4XXhEFVQ== || joined server 
2025-11-11 18:14:47 + : Downwar546  || None || joined server 
2025-11-11 18:14:48 + : Downwar546  || pb-IF5WUVYNUA== || joined server 
2025-11-11 18:23:52 + : Rynix  || pb-IF4UUhhfEA== || joined server 
2025-11-11 18:25:20 + : Kp1  || None || joined server 
2025-11-11 18:25:21 + : Kp1  || pb-IF4BUXobPA== || joined server 
2025-11-11 18:28:12 + : Rynix  || None || joined server 
2025-11-11 18:28:13 + : Rynix  || pb-IF4UUhhfEA== || joined server 
2025-11-11 18:28:45 + : Hehehehim  || pb-IF4XXhNdAg== || joined server 
2025-11-11 18:28:46 + : Juxtap2515  || pb-IF4TXhM7CQ== || joined server 
2025-11-11 18:29:30 + : Preocc1224  || pb-IF4wXhMmXQ== || joined server 
2025-11-11 18:30:37 + : Rynix  || pb-IF4UUhhfEA== || joined server 
2025-11-11 18:33:00 + : khawat  || pb-IF4sUWYJDw== || joined server 
2025-11-11 18:41:51 + : Abdulkalam  || None || joined server 
2025-11-11 18:41:51 + : BEEE  || pb-IF4qUxgGXQ== || joined server 
2025-11-11 18:41:51 + : RancidQuai  || pb-IF5UUk9dAQ== || joined server 
2025-11-11 18:41:52 + : Abdulkalam  || pb-IF4dUk8mMg== || joined server 
2025-11-11 18:41:53 + : UnfairBrea  || pb-IF4OU0UkLw== || joined server 
2025-11-11 18:41:54 + : L6L6L6L6  || pb-IF4lUVcZVQ== || joined server 
2025-11-11 18:42:18 + : RancidOpe3  || pb-IF4SV00FVw== || joined server 
2025-11-11 18:43:03 + : RancidQuai  || pb-IF5UUk9dAQ== || joined server 
2025-11-11 18:43:47 + : L6L6L6L6  || pb-IF4lUVcZVQ== || joined server 
2025-11-11 18:48:10 + : RancidQuai  || pb-IF5UUk9dAQ== || joined server 
2025-11-11 18:49:11 + : Rynix  || None || joined server 
2025-11-11 18:49:12 + : Rynix  || pb-IF4UUhhfEA== || joined server 
2025-11-11 18:49:17 + : Abdulkalam  || None || joined server 
2025-11-11 18:49:18 + : Abdulkalam  || pb-IF4dUk8mMg== || joined server 
2025-11-11 18:51:42 + : Vansh8790  || None || joined server 
2025-11-11 18:51:43 + : Vansh8790  || pb-IF4XUXc5Bg== || joined server 
2025-11-11 18:52:00 + : mrVORTEX  || None || joined server 
2025-11-11 18:52:01 + : mrVORTEX  || pb-IF4AURI_Iw== || joined server 
2025-11-11 18:53:22 + : Heppieee  || pb-IF5cUlY5DQ== || joined server 
2025-11-11 18:53:49 + : Abdulkalam  || pb-IF4dUk8mMg== || joined server 
2025-11-11 18:54:27 + : Abdulkalam  || pb-IF4dUk8mMg== || joined server 
2025-11-11 18:58:37 + : Practi2585  || None || joined server 
2025-11-11 18:58:38 + : Practi2585  || pb-IF4wUVZZHQ== || joined server 
2025-11-11 19:10:58 + : Misunde308  || pb-IF4QV1M6MA== || joined server 
2025-11-11 19:11:07 + : Cheerfu596  || pb-IF4AXhVTNw== || joined server 
2025-11-11 19:16:10 + : nimhil8282  || None || joined server 
2025-11-11 19:16:11 + : nimhil8282  || pb-IF4cVBQ6IA== || joined server 
2025-11-11 19:26:58 + : murphy  || pb-IF4xMkpd || joined server 
2025-11-11 19:27:34 + : EmperorKi3  || pb-IF4QUnMqUA== || joined server 
2025-11-11 19:27:55 + : Mecholic  || pb-IF4hUXoJEQ== || joined server 
2025-11-11 19:28:12 + : Jho7nny  || pb-JiNJARBfVEZAXlhAEkJZXVBHE0hXR1FE || joined server 
2025-11-11 19:30:04 + : ELEMENTS  || pb-IF4CUVEdPA== || joined server 
2025-11-11 19:34:21 + : OpThunder  || pb-IF5TUGUkCA== || joined server 
2025-11-11 19:35:49 + : SMAR786  || None || joined server 
2025-11-11 19:35:51 + : SMAR786  || pb-IF4MUmcdCg== || joined server 
2025-11-11 19:37:44 + : OpThunder  || None || joined server 
2025-11-11 19:44:25 + : BEEE  || pb-IF4qUxgGXQ== || joined server 
2025-11-11 19:44:27 + : Practi2585  || pb-IF4wUVZZHQ== || joined server 
2025-11-11 19:45:39 + : Fracti3429  || None || joined server 
2025-11-11 19:45:40 + : Fracti3429  || pb-IF5WMEIE || joined server 
2025-11-11 19:50:24 + : DeftVenera  || pb-IF4tUWEbIg== || joined server 
2025-11-11 19:51:54 + : NoNameA6880315  || pb-IF5QUEpfLA== || joined server 
2025-11-11 19:53:00 + : Fracti3429  || pb-IF5WMEIE || joined server 
2025-11-11 19:57:04 + : SpentPrete  || pb-IF4sURcuCg== || joined server 
2025-11-11 21:12:45 + : MaritimeDr  || pb-IF4eUlgDCA== || joined server 
2025-11-11 21:18:59 + : MaritimeDr  || pb-IF4eUlgDCA== || joined server 
2025-11-11 21:19:28 + : MaritimeDr  || None || joined server 
2025-11-11 21:19:29 + : MaritimeDr  || pb-IF4eUlgDCA== || joined server 
2025-11-12 04:18:10 + : Antagon715  || None || joined server 
2025-11-12 04:18:11 + : Antagon715  || pb-IF4KUXI9LQ== || joined server 
2025-11-12 04:18:13 + : Antagon715  || pb-IF4KUXI9LQ== || joined server 
2025-11-12 04:26:18 + : FuzzyProfe  || pb-IF4zUUcaNQ== || joined server 
2025-11-12 05:57:37 + : AceDiscrep  || None || joined server 
2025-11-12 05:57:38 + : AceDiscrep  || pb-IF5RXhg_Ug== || joined server 
2025-11-12 05:58:23 + : AceDiscrep  || None || joined server 
2025-11-12 05:58:24 + : AceDiscrep  || pb-IF5RXhg_Ug== || joined server 
2025-11-12 06:28:45 + : MinacKemon  || None || joined server 
2025-11-12 06:28:46 + : MinacKemon  || pb-IF4CUUIpAw== || joined server 
2025-11-12 06:31:27 + : GrimyHymn2  || None || joined server 
2025-11-12 06:31:28 + : GrimyHymn2  || pb-IF4FVEgIPQ== || joined server 
2025-11-12 07:11:45 + : HeartedIm4  || None || joined server 
2025-11-12 07:11:46 + : HeartedIm4  || pb-IF4XUU0uKA== || joined server 
2025-11-12 07:13:51 + : DismalMage  || pb-IF4nXhYuVg== || joined server 
2025-11-12 07:14:18 + : Kp1  || None || joined server 
2025-11-12 07:14:19 + : Kp1  || pb-IF4BUXobPA== || joined server 
2025-11-12 07:20:50 + : hydramalay  || None || joined server 
2025-11-12 07:20:51 + : hydramalay  || pb-IF4nUU9ZJw== || joined server 
2025-11-12 07:22:23 + : Tanu98  || pb-IF4hUxgDKQ== || joined server 
2025-11-12 07:22:44 + : hydramalay  || pb-IF4nUU9ZJw== || joined server 
2025-11-12 07:23:24 + : Android63911832  || pb-IF5cU08EEA== || joined server 
2025-11-12 07:23:34 + : Rajpr018  || pb-IF5TUXFZHQ== || joined server 
2025-11-12 07:23:38 + : Tanu98  || None || joined server 
2025-11-12 07:23:39 + : Tanu98  || pb-IF4hUxgDKQ== || joined server 
2025-11-12 07:24:51 + : Underwat59  || pb-IF5WU1MxAA== || joined server 
2025-11-12 07:25:32 + : Glinting68  || pb-IF5XU20NAg== || joined server 
2025-11-12 07:28:41 + : Clarkthepe  || pb-IF4mXhI9Ig== || joined server 
2025-11-12 07:32:20 + : SilkenHay1  || None || joined server 
2025-11-12 07:32:21 + : SilkenHay1  || pb-IF4TUBQsVg== || joined server 
2025-11-12 07:37:16 + : alfatihalf  || None || joined server 
2025-11-12 07:37:17 + : alfatihalf  || pb-IF5dUU0kKg== || joined server 
2025-11-12 07:41:27 + : Android63911832  || pb-IF5cU08EEA== || joined server 
2025-11-12 07:42:45 + : Android63911832  || None || joined server 
2025-11-12 07:42:46 + : Android63911832  || pb-IF5cU08EEA== || joined server 
2025-11-12 07:45:25 + : VoicedIns2  || pb-IF4MUUE5CA== || joined server 
2025-11-12 07:49:27 + : Android63911832  || pb-IF5cU08EEA== || joined server 
2025-11-12 07:50:50 + : Practi2585  || None || joined server 
2025-11-12 07:50:51 + : Practi2585  || pb-IF4wUVZZHQ== || joined server 
2025-11-12 07:50:56 + : Android63911832  || pb-IF5cU08EEA== || joined server 
2025-11-12 07:58:52 + : Abdulkalam  || pb-IF4dUk8mMg== || joined server 
2025-11-12 07:59:07 + : Android63911832  || pb-IF5cU08EEA== || joined server 
2025-11-12 08:01:50 + : Monetar534  || None || joined server 
2025-11-12 08:01:51 + : Monetar534  || pb-IF4gUUwuBg== || joined server 
2025-11-12 08:04:55 + : je8ebeoebe  || pb-IF5WUFUmUQ== || joined server 
2025-11-12 08:05:09 + : MAKSAD  || pb-IF5QUBc4Ag== || joined server 
2025-11-12 08:14:23 + : MammothSp2  || pb-IF4XUG1cKg== || joined server 
2025-11-12 08:18:22 + : Annal  || pb-IF5SUUwHBg== || joined server 
2025-11-12 09:18:33 + : Naughty169  || pb-IF4KXhEcHw== || joined server 
2025-11-12 09:18:52 + : NoName16890397  || pb-IF4PUVpdMQ== || joined server 
2025-11-12 09:22:08 + : TFM13  || None || joined server 
2025-11-12 09:22:09 + : TFM13  || pb-IF4UUXkAUA== || joined server 
2025-11-12 10:05:08 + : IconicBlas  || pb-JiNJARFdVkJBWlpJEU9RXVBLGUlbTlVG || joined server 
2025-11-12 10:12:31 + : NoNameA6691325  || pb-IF5QUEg9Jw== || joined server 
2025-11-12 10:13:34 + : Ulterio443  || None || joined server 
2025-11-12 10:13:35 + : Ulterio443  || pb-IF5XUVE5Ew== || joined server 
2025-11-12 10:35:28 + : MossySurg2  || None || joined server 
2025-11-12 10:35:29 + : MossySurg2  || pb-IF4jUUQPKA== || joined server 
2025-11-12 10:53:08 + : SnoWwhite  || pb-IF4UVWYlEw== || joined server 
2025-11-12 10:53:44 + : SHEEZO  || None || joined server 
2025-11-12 11:16:48 + : Mino12Game  || pb-JiNJARBYUUFIXVdDEEZVUlRCEUhWQ1JB || joined server 
2025-11-12 11:18:11 + : Forget2811  || pb-IF4mXhAqFg== || joined server 
2025-11-12 11:19:33 + : MinacKemon  || pb-IF4CUUIpAw== || joined server 
2025-11-12 11:20:26 + : DSS16  || None || joined server 
2025-11-12 11:20:27 + : DSS16  || pb-IF4UUUMI || joined server 
2025-11-12 11:20:39 + : Abdulkalam  || None || joined server 
2025-11-12 11:20:40 + : Abdulkalam  || pb-IF4dUk8mMg== || joined server 
2025-11-12 11:20:54 + : Abdulkalam  || None || joined server 
2025-11-12 11:21:59 + : Abdulkalam  || pb-IF4dUk8mMg== || joined server 
2025-11-12 11:21:59 + : MinacKemon  || pb-IF4CUUIpAw== || joined server 
2025-11-12 11:22:15 + : Abdulkalam  || None || joined server 
2025-11-12 11:22:16 + : Abdulkalam  || pb-IF4dUk8mMg== || joined server 
2025-11-12 11:22:36 + : Abdulkalam  || pb-IF4dUk8mMg== || joined server 
2025-11-12 11:22:48 + : Abdulkalam  || None || joined server 
2025-11-12 11:22:49 + : Abdulkalam  || pb-IF4dUk8mMg== || joined server 
2025-11-12 11:23:06 + : Abdulkalam  || pb-IF4dUk8mMg== || joined server 
2025-11-12 11:23:27 + : NoNameA17597053  || None || joined server 
2025-11-12 11:23:28 + : Abdulkalam  || pb-IF4dUk8mMg== || joined server 
2025-11-12 11:23:28 + : NoNameA17597053  || pb-IF4yXhUzEA== || joined server 
2025-11-12 11:24:00 + : Abdulkalam  || pb-IF4dUk8mMg== || joined server 
2025-11-12 11:24:02 + : HybridFlye  || None || joined server 
2025-11-12 11:24:03 + : HybridFlye  || pb-IF4LUHMHIQ== || joined server 
2025-11-12 11:24:16 + : distinc102  || None || joined server 
2025-11-12 11:24:17 + : distinc102  || pb-IF4rUWFbVQ== || joined server 
2025-11-12 11:30:15 + : JumpingM56  || None || joined server 
2025-11-12 11:30:16 + : JumpingM56  || pb-IF5TUVQCAA== || joined server 
2025-11-12 11:31:45 + : Abdulkalam  || None || joined server 
2025-11-12 11:31:46 + : Abdulkalam  || pb-IF4dUk8mMg== || joined server 
2025-11-12 11:32:18 + : Rynix  || pb-IF4UUhhfEA== || joined server 
2025-11-12 11:33:46 + : Tanu98  || pb-IF4hUxgDKQ== || joined server 
2025-11-12 11:33:51 + : Kalel90  || pb-IF43V3kI || joined server 
2025-11-12 11:36:30 + : HeartedIm4  || pb-IF4XUU0uKA== || joined server 
2025-11-12 11:40:32 + : L6L6L6L6  || pb-IF4lUVcZVQ== || joined server 
2025-11-12 11:41:26 + : Krishkutty  || None || joined server 
2025-11-12 11:41:27 + : Krishkutty  || pb-IF49XhAHAQ== || joined server 
2025-11-12 11:42:41 + : Rynix  || pb-IF4UUhhfEA== || joined server 
2025-11-12 11:45:05 + : MaritimeDr  || pb-IF4eUlgDCA== || joined server 
2025-11-12 11:51:42 + : chadwikbos  || None || joined server 
2025-11-12 11:51:43 + : chadwikbos  || pb-IF4gUW44Fg== || joined server 
2025-11-12 11:52:44 + : Inimita766  || pb-JiNJARFbXENBWFdHEEBQUldDFUlXT1RL || joined server 
2025-11-12 11:53:14 + : BraverAnch  || None || joined server 
2025-11-12 11:53:15 + : BraverAnch  || pb-IF41VE0HIg== || joined server 
2025-11-12 11:58:55 + : NoName16890397  || None || joined server 
2025-11-12 11:58:56 + : NoName16890397  || pb-IF4PUVpdMQ== || joined server 
2025-11-12 11:59:12 + : Unobse1588  || None || joined server 
2025-11-12 11:59:13 + : Unobse1588  || pb-IF4nXhUMHA== || joined server 
2025-11-12 12:02:41 + : NoNameA17597053  || pb-IF4yXhUzEA== || joined server 
2025-11-12 12:04:33 + : NoNameA17597053  || pb-IF4yXhUzEA== || joined server 
2025-11-12 12:04:57 + : NoName17652649  || pb-IF5QXhlaIA== || joined server 
2025-11-12 12:05:24 + : Rafkaggz1  || None || joined server 
2025-11-12 12:05:25 + : Rafkaggz1  || pb-IF4RUVpcFA== || joined server 
2025-11-12 12:09:13 + : NoName17652649  || pb-IF5QXhlaIA== || joined server 
2025-11-12 12:10:36 + : T0Asted  || None || joined server 
2025-11-12 12:10:37 + : T0Asted  || pb-IF4PUHchNg== || joined server 
2025-11-12 12:10:44 + : System1673  || None || joined server 
2025-11-12 12:10:45 + : System1673  || pb-IF4-XhUREQ== || joined server 
2025-11-12 12:11:33 + : NoNameA6880315  || None || joined server 
2025-11-12 12:11:34 + : NoNameA6880315  || pb-IF5QUEpfLA== || joined server 
2025-11-12 12:11:42 + : CoarserSh3  || pb-IF4gXhVZFQ== || joined server 
2025-11-12 12:11:49 + : CoarserSh3  || pb-IF4gXhVZFQ== || joined server 
2025-11-12 12:13:41 + : MIKEALSON0  || None || joined server 
2025-11-12 12:13:42 + : MIKEALSON0  || pb-IF4zUkwpAg== || joined server 
2025-11-12 12:13:52 + : DumbCoal10  || pb-IF4sUUlbMw== || joined server 
2025-11-12 12:15:27 + : Android63911832  || pb-IF5cU08EEA== || joined server 
2025-11-12 12:24:27 + : kishoreda5  || pb-IF4KUBYeKg== || joined server 
2025-11-12 12:25:23 + : Transit157  || pb-IF4LUm0EHA== || joined server 
2025-11-12 12:25:40 + : MIKEALSON0  || None || joined server 
2025-11-12 12:25:41 + : MIKEALSON0  || pb-IF4zUkwpAg== || joined server 
2025-11-12 12:26:00 + : Tanu98  || pb-IF4hUxgDKQ== || joined server 
2025-11-12 12:27:45 + : NoName16890397  || None || joined server 
2025-11-12 12:27:46 + : NoName16890397  || pb-IF4PUVpdMQ== || joined server 
2025-11-12 12:28:50 + : SilentShoo  || pb-IF4eVE8JDA== || joined server 
2025-11-12 12:28:58 + : Ullas  || None || joined server 
2025-11-12 12:28:59 + : Ullas  || pb-IF4vUxgSFg== || joined server 
2025-11-12 12:29:45 + : CoarserSh3  || pb-IF4gXhVZFQ== || joined server 
2025-11-12 12:31:09 + : GraniteTur  || None || joined server 
2025-11-12 12:31:17 + : GraniteTur  || None || joined server 
2025-11-12 12:31:17 + : Tanu98  || pb-IF4hUxgDKQ== || joined server 
2025-11-12 12:31:18 + : GraniteTur  || pb-IF4FUXcHBg== || joined server 
2025-11-12 12:31:24 + : Ullas  || None || joined server 
2025-11-12 12:31:25 + : Ullas  || pb-IF4vUxgSFg== || joined server 
2025-11-12 12:31:43 + : CrystalAbu  || pb-IF40UGQxMQ== || joined server 
2025-11-12 12:32:28 + : Unbreak917  || pb-IF4wUEoYBg== || joined server 
2025-11-12 12:34:01 + : Lifelike67  || pb-IF4XUUhdLQ== || joined server 
2025-11-12 12:37:52 + : DumbCoal10  || None || joined server 
2025-11-12 12:37:53 + : DumbCoal10  || pb-IF4sUUlbMw== || joined server 
2025-11-12 12:43:37 + : Readabl435  || pb-IF4yXhQdVg== || joined server 
2025-11-12 12:45:29 + : NoName16890397  || pb-IF4PUVpdMQ== || joined server 
2025-11-12 12:46:15 + : Ullas  || pb-IF4vUxgSFg== || joined server 
2025-11-12 12:47:11 + : bokamanus4  || None || joined server 
2025-11-12 12:47:12 + : bokamanus4  || pb-IF4HUXYtAQ== || joined server 
2025-11-12 12:47:26 + : TextualTin  || pb-IF5SVWodFA== || joined server 
2025-11-12 12:47:48 + : Ursraks  || None || joined server 
2025-11-12 12:47:49 + : Ursraks  || pb-IF4OUVocBg== || joined server 
2025-11-12 12:48:00 + : DEFUSER192  || None || joined server 
2025-11-12 12:48:01 + : DEFUSER192  || pb-IF5cXhcELQ== || joined server 
2025-11-12 12:48:54 + : UnwisePend  || pb-IF4oXhIyDg== || joined server 
2025-11-12 12:50:56 + : Umepopaumy  || pb-IF5TUVoyFw== || joined server 
2025-11-12 12:52:15 + : TextualTin  || pb-IF5SVWodFA== || joined server 
2025-11-12 12:52:33 + : BLOCKER  || pb-IF4uVRYAVw== || joined server 
2025-11-12 12:53:06 + : RAIJIN  || None || joined server 
2025-11-12 12:53:07 + : RAIJIN  || pb-IF43UU0DBg== || joined server 
2025-11-12 12:54:09 + : TextualTin  || None || joined server 
2025-11-12 12:54:10 + : TextualTin  || pb-IF5SVWodFA== || joined server 
2025-11-12 12:54:37 + : ImLemon  || pb-IF5RXhM8IA== || joined server 
2025-11-12 12:55:22 + : Mino12Game  || pb-JiNJARBYUUFIXVdDEEZVUlRCEUhWQ1JB || joined server 
2025-11-12 12:59:26 + : TextualTin  || pb-IF5SVWodFA== || joined server 
2025-11-12 13:01:34 + : bokamanus4  || pb-IF4HUXYtAQ== || joined server 
2025-11-12 13:01:59 + : TextualTin  || pb-IF5SVWodFA== || joined server 
2025-11-12 13:02:36 + : Itiner1037  || None || joined server 
2025-11-12 13:02:38 + : Itiner1037  || pb-IF40XhUDUA== || joined server 
2025-11-12 13:06:32 + : Abdulkalam  || pb-IF4dUk8mMg== || joined server 
2025-11-12 13:06:45 + : gowthamara  || pb-IF4lHlYg || joined server 
2025-11-12 13:06:55 + : GrossRay12  || pb-IF4MVWYIUQ== || joined server 
2025-11-12 13:08:35 + : Itiner1037  || None || joined server 
2025-11-12 13:08:36 + : Itiner1037  || pb-IF40XhUDUA== || joined server 
2025-11-12 13:08:57 + : Ursraks  || None || joined server 
2025-11-12 13:08:58 + : Ursraks  || pb-IF4OUVocBg== || joined server 
2025-11-12 13:09:51 + : Itiner1037  || None || joined server 
2025-11-12 13:09:52 + : Itiner1037  || pb-IF40XhUDUA== || joined server 
2025-11-12 13:10:18 + : Itiner1037  || None || joined server 
2025-11-12 13:10:19 + : Itiner1037  || pb-IF40XhUDUA== || joined server 
2025-11-12 13:10:41 + : Tanu98  || pb-IF4hUxgDKQ== || joined server 
2025-11-12 13:12:20 + : FragilePor  || None || joined server 
2025-11-12 13:12:21 + : FragilePor  || pb-IF4IUUZcDQ== || joined server 
2025-11-12 13:12:24 + : RAIJIN  || None || joined server 
2025-11-12 13:12:25 + : RAIJIN  || pb-IF43UU0DBg== || joined server 
2025-11-12 13:12:26 + : FragilePor  || pb-IF4IUUZcDQ== || joined server 
2025-11-12 13:12:59 + : SUPERTHALA  || pb-IF4pUBIONA== || joined server 
2025-11-12 13:17:01 + : bokamanus4  || pb-IF4HUXYtAQ== || joined server 
2025-11-12 13:17:08 + : IntrepidL4  || pb-IF4CU2EHDg== || joined server 
2025-11-12 13:17:16 + : BEEE  || pb-IF4qUxgGXQ== || joined server 
2025-11-12 13:18:26 + : MinacKemon  || None || joined server 
2025-11-12 13:18:27 + : MinacKemon  || pb-IF4CUUIpAw== || joined server 
2025-11-12 13:18:39 + : Itiner1037  || pb-IF40XhUDUA== || joined server 
2025-11-12 13:19:03 + : Abdulkalam  || pb-IF4dUk8mMg== || joined server 
2025-11-12 13:19:47 + : TextualTin  || pb-IF5SVWodFA== || joined server 
2025-11-12 13:21:49 + : Ursraks  || pb-IF4OUVocBg== || joined server 
2025-11-12 13:23:11 + : Alice002  || pb-IF4CURQdKA== || joined server 
2025-11-12 13:25:20 + : NoName17652649  || None || joined server 
2025-11-12 13:25:21 + : NoName17652649  || pb-IF5QXhlaIA== || joined server 
2025-11-12 13:26:10 + : bokamanus4  || pb-IF4HUXYtAQ== || joined server 
2025-11-12 13:27:03 + : TextualTin  || pb-IF5SVWodFA== || joined server 
2025-11-12 13:28:00 + : Itiner1037  || pb-IF40XhUDUA== || joined server 
2025-11-12 13:28:28 + : Itiner1037  || pb-IF40XhUDUA== || joined server 
2025-11-12 13:29:13 + : Itiner1037  || pb-IF40XhUDUA== || joined server 
2025-11-12 13:29:17 + : Abdulkalam  || pb-IF4dUk8mMg== || joined server 
2025-11-12 13:31:00 + : MerestSlic  || None || joined server 
2025-11-12 13:31:01 + : MerestSlic  || pb-IF4MUUQKAA== || joined server 
2025-11-12 13:31:32 + : citulasmar  || None || joined server 
2025-11-12 13:31:33 + : citulasmar  || pb-IF4MUE04XA== || joined server 
2025-11-12 13:32:03 + : TypicalLe8  || None || joined server 
2025-11-12 13:32:35 + : IntrepidL4  || None || joined server 
2025-11-12 13:32:35 + : Abdulkalam  || None || joined server 
2025-11-12 13:32:35 + : RAIJIN  || pb-IF43UU0DBg== || joined server 
2025-11-12 13:32:35 + : TextualTin  || pb-IF5SVWodFA== || joined server 
2025-11-12 13:32:35 + : Tanu98  || pb-IF4hUxgDKQ== || joined server 
2025-11-12 13:32:35 + : MinacKemon  || pb-IF4CUUIpAw== || joined server 
2025-11-12 13:32:36 + : IntrepidL4  || pb-IF4CU2EHDg== || joined server 
2025-11-12 13:32:36 + : Abdulkalam  || pb-IF4dUk8mMg== || joined server 
2025-11-12 13:32:37 + : Itiner1037  || pb-IF40XhUDUA== || joined server 
2025-11-12 13:32:37 + : Alice002  || pb-IF4CURQdKA== || joined server 
2025-11-12 13:34:44 + : TextualTin  || pb-IF5SVWodFA== || joined server 
2025-11-12 13:38:13 + : RAIJIN  || None || joined server 
2025-11-12 13:38:14 + : RAIJIN  || pb-IF43UU0DBg== || joined server 
2025-11-12 13:44:07 + : Burfi  || pb-IF4QU0ksMQ== || joined server 
2025-11-12 13:45:09 + : Itiner1037  || pb-IF40XhUDUA== || joined server 
2025-11-12 13:49:08 + : Abdulkalam  || pb-IF4dUk8mMg== || joined server 
2025-11-12 13:52:17 + : AGENT99  || pb-IF4qIVQN || joined server 
2025-11-12 13:52:41 + : RAIJIN  || pb-IF43UU0DBg== || joined server 
2025-11-12 13:54:16 + : Abdulkalam  || pb-IF4dUk8mMg== || joined server 
2025-11-12 13:54:44 + : Abdulkalam  || None || joined server 
2025-11-12 13:54:45 + : Abdulkalam  || pb-IF4dUk8mMg== || joined server 
2025-11-12 13:55:00 + : Alice002  || pb-IF4CURQdKA== || joined server 
2025-11-12 13:55:31 + : Abdulkalam  || pb-IF4dUk8mMg== || joined server 
2025-11-12 13:55:51 + : Burfi  || None || joined server 
2025-11-12 13:55:52 + : Burfi  || pb-IF4QU0ksMQ== || joined server 
2025-11-12 13:56:34 + : SquatMena2  || pb-IF4RXhYmBA== || joined server 
2025-11-12 13:58:42 + : IronTrice3  || None || joined server 
2025-11-12 13:58:43 + : IronTrice3  || pb-IF4VVxReJw== || joined server 
2025-11-12 14:06:08 + : proAGUSTDg  || pb-IF4zURQFIw== || joined server 
2025-11-12 14:07:20 + : proAGUSTDg  || pb-IF4zURQFIw== || joined server 
2025-11-12 14:08:02 + : Unlawfu474  || None || joined server 
2025-11-12 14:08:03 + : Unlawfu474  || pb-IF42UU0vNQ== || joined server 
2025-11-12 14:10:39 + : SUPERTHALA  || None || joined server 
2025-11-12 14:10:40 + : SUPERTHALA  || pb-IF4pUBIONA== || joined server 
2025-11-12 14:10:56 + : SUPERTHALA  || None || joined server 
2025-11-12 14:10:57 + : SUPERTHALA  || pb-IF4pUBIONA== || joined server 
2025-11-12 14:15:37 + : NoName16890397  || pb-IF4PUVpdMQ== || joined server 
2025-11-12 14:15:55 + : NoName16890397  || None || joined server 
2025-11-12 14:15:56 + : NoName16890397  || pb-IF4PUVpdMQ== || joined server 
2025-11-12 14:16:10 + : Tanu98  || pb-IF4hUxgDKQ== || joined server 
2025-11-12 14:16:17 + : NoName16890397  || pb-IF4PUVpdMQ== || joined server 
2025-11-12 14:16:33 + : NoName16890397  || pb-IF4PUVpdMQ== || joined server 
2025-11-12 14:16:47 + : proAGUSTDg  || None || joined server 
2025-11-12 14:16:48 + : proAGUSTDg  || pb-IF4zURQFIw== || joined server 
2025-11-12 14:16:49 + : NoName16890397  || pb-IF4PUVpdMQ== || joined server 
2025-11-12 14:17:19 + : NoName16890397  || pb-IF4PUVpdMQ== || joined server 
2025-11-12 14:18:45 + : SalariedDe  || pb-IF4FUncMPw== || joined server 
2025-11-12 14:18:46 + : Ravikiller  || pb-IF4uUhktMw== || joined server 
2025-11-12 14:20:03 + : NoName16890397  || pb-IF4PUVpdMQ== || joined server 
2025-11-12 14:22:28 + : Rafibhai00  || None || joined server 
2025-11-12 14:22:29 + : Rafibhai00  || pb-IF4WUXUAUA== || joined server 
2025-11-12 14:24:33 + : Pollute575  || None || joined server 
2025-11-12 14:24:34 + : Pollute575  || pb-IF4WUVgpLw== || joined server 
2025-11-12 14:24:39 + : SUPERTHALA  || pb-IF4pUBIONA== || joined server 
2025-11-12 14:25:07 + : RAIJIN  || None || joined server 
2025-11-12 14:25:08 + : RAIJIN  || pb-IF43UU0DBg== || joined server 
2025-11-12 14:25:29 + : RAIJIN  || pb-IF43UU0DBg== || joined server 
2025-11-12 14:25:45 + : Rafibhai00  || None || joined server 
2025-11-12 14:25:46 + : Rafibhai00  || pb-IF4WUXUAUA== || joined server 
2025-11-12 14:33:21 + : Pollute575  || None || joined server 
2025-11-12 14:33:22 + : Pollute575  || pb-IF4WUVgpLw== || joined server 
2025-11-12 14:34:05 + : DrollCont6  || None || joined server 
2025-11-12 14:34:07 + : DrollCont6  || pb-IF4vUHgbIg== || joined server 
2025-11-12 14:35:00 + : AvidGossip  || None || joined server 
2025-11-12 14:38:09 + : Oglevy  || pb-IF4WXhUOUA== || joined server 
2025-11-12 14:43:32 + : Kalel90  || None || joined server 
2025-11-12 14:43:33 + : Kalel90  || pb-IF43V3kI || joined server 
2025-11-12 14:45:06 + : Impass2379  || pb-IF4FXhRZDg== || joined server 
2025-11-12 14:49:29 + : Rynix  || pb-IF4UUhhfEA== || joined server 
2025-11-12 14:59:45 + : Ginorm2114  || None || joined server 
2025-11-12 14:59:46 + : Ginorm2114  || pb-IF42VxEiCQ== || joined server 
2025-11-12 15:00:21 + : Arunkumar4  || None || joined server 
2025-11-12 15:00:22 + : Arunkumar4  || pb-IF4AUmoRMw== || joined server 
2025-11-12 15:02:59 + : Addybuddy  || pb-IF41UUVdFw== || joined server 
2025-11-12 15:03:44 + : NoNameA6880315  || pb-IF5QUEpfLA== || joined server 
2025-11-12 15:13:33 + : MaritimeDr  || pb-IF4eUlgDCA== || joined server 
2025-11-12 15:17:08 + : RAIJIN  || None || joined server 
2025-11-12 15:17:09 + : RAIJIN  || pb-IF43UU0DBg== || joined server 
2025-11-12 15:17:19 + : MundaneEff  || pb-IF5UXhUoLA== || joined server 
2025-11-12 15:17:30 + : MundaneEff  || pb-IF5UXhUoLA== || joined server 
2025-11-12 15:17:47 + : Addybuddy  || None || joined server 
2025-11-12 15:17:48 + : Addybuddy  || pb-IF41UUVdFw== || joined server 
2025-11-12 15:23:04 + : UnfairBrea  || None || joined server 
2025-11-12 15:23:05 + : UnfairBrea  || pb-IF4OU0UkLw== || joined server 
2025-11-12 15:23:17 + : GIRLLOVE  || pb-IF4gURBfDw== || joined server 
2025-11-12 15:32:37 + : GIRLLOVE  || None || joined server 
2025-11-12 15:32:38 + : GIRLLOVE  || pb-IF4gURBfDw== || joined server 
2025-11-12 15:45:32 + : Remotes559  || pb-IF4pXhAvPA== || joined server 
2025-11-12 15:50:01 + : Rynix  || pb-IF4UUhhfEA== || joined server 
2025-11-12 15:54:02 + : Untrust642  || pb-IF4BXhQTKw== || joined server 
2025-11-12 15:56:05 + : RAIJIN  || pb-IF43UU0DBg== || joined server 
2025-11-12 15:56:53 + : Contin1811  || pb-IF4pUVAILQ== || joined server 
2025-11-12 15:58:17 + : bokamanus4  || pb-IF4HUXYtAQ== || joined server 
2025-11-12 15:59:43 + : BRONEXGAME  || pb-IF4gUm0YPw== || joined server 
2025-11-12 16:00:59 + : UnfairBrea  || None || joined server 
2025-11-12 16:01:00 + : UnfairBrea  || pb-IF4OU0UkLw== || joined server 
2025-11-12 16:01:43 + : UnfairBrea  || pb-IF4OU0UkLw== || joined server 
2025-11-12 16:01:44 + : RAIJIN  || pb-IF43UU0DBg== || joined server 
2025-11-12 16:02:23 + : GIRLLOVE  || pb-IF4gURBfDw== || joined server 
2025-11-12 16:03:05 + : NoNameB15519487  || pb-IF5WUU8NKw== || joined server 
2025-11-12 16:03:57 + : BRONEXGAME  || pb-IF4gUm0YPw== || joined server 
2025-11-12 16:07:01 + : Tanu98  || pb-IF4hUxgDKQ== || joined server 
2025-11-12 16:07:20 + : FeelTheRea  || pb-IF4QUVUtJg== || joined server 
2025-11-12 16:09:02 + : Widespr933  || pb-IF4tUWVdMQ== || joined server 
2025-11-12 16:10:06 + : Abdulkalam  || None || joined server 
2025-11-12 16:10:07 + : Abdulkalam  || pb-IF4dUk8mMg== || joined server 
2025-11-12 16:13:10 + : Kalel90  || pb-IF43V3kI || joined server 
2025-11-12 16:15:16 + : Hehehehim  || pb-IF4XXhNdAg== || joined server 
2025-11-12 16:16:07 + : Android63911832  || pb-IF5cU08EEA== || joined server 
2025-11-12 16:20:32 + : maddiralas  || None || joined server 
2025-11-12 16:20:33 + : maddiralas  || pb-IF5VUnozIw== || joined server 
2025-11-12 16:21:40 + : Hehehehim  || None || joined server 
2025-11-12 16:21:41 + : Hehehehim  || pb-IF4XXhNdAg== || joined server 
2025-11-12 16:21:54 + : NoNameA6880315  || None || joined server 
2025-11-12 16:21:55 + : NoNameA6880315  || pb-IF5QUEpfLA== || joined server 
2025-11-12 16:25:02 + : Remotes559  || None || joined server 
2025-11-12 16:25:03 + : Remotes559  || pb-IF4pXhAvPA== || joined server 
2025-11-12 16:29:27 + : NodalTuiti  || None || joined server 
2025-11-12 16:29:28 + : NodalTuiti  || pb-IF40XhUAHQ== || joined server 
2025-11-12 16:32:08 + : DeadlyPro2  || pb-IF4vUXMMMQ== || joined server 
2025-11-12 16:33:41 + : Android63911832  || pb-IF5cU08EEA== || joined server 
2025-11-12 16:35:48 + : Rynix  || None || joined server 
2025-11-12 16:35:49 + : Rynix  || pb-IF4UUhhfEA== || joined server 
2025-11-12 16:37:20 + : Coinci1641  || pb-IF4jUWoPDw== || joined server 
2025-11-12 16:39:18 + : ZANDR  || None || joined server 
2025-11-12 16:39:19 + : ZANDR  || pb-IF4eU04vVA== || joined server 
2025-11-12 16:39:50 + : AbsoluteG  || None || joined server 
2025-11-12 16:39:51 + : AbsoluteG  || pb-IF40UU4BFA== || joined server 
2025-11-12 16:40:12 + : Rynix  || None || joined server 
2025-11-12 16:40:13 + : Rynix  || pb-IF4UUhhfEA== || joined server 
2025-11-12 16:44:23 + : Depende971  || pb-IF5RUWsiUw== || joined server 
2025-11-12 16:46:33 + : Android63911832  || pb-IF5cU08EEA== || joined server 
2025-11-12 16:49:20 + : Android63911832  || None || joined server 
2025-11-12 16:49:21 + : Android63911832  || pb-IF5cU08EEA== || joined server 
2025-11-12 16:49:54 + : FinishedMe  || pb-IF5XU0tbXQ== || joined server 
2025-11-12 16:53:23 + : Rynix  || pb-IF4UUhhfEA== || joined server 
2025-11-12 16:53:47 + : Skyspace52  || pb-IF4TXhUkIQ== || joined server 
2025-11-12 16:58:15 + : Scotts  || pb-IF4lXhMCBw== || joined server 
2025-11-12 17:01:13 + : KNULL999  || pb-IF5dUVEaHw== || joined server 
2025-11-12 17:07:07 + : RAIJIN  || None || joined server 
2025-11-12 17:07:08 + : RAIJIN  || pb-IF43UU0DBg== || joined server 
2025-11-12 17:07:51 + : Scotts  || None || joined server 
2025-11-12 17:07:52 + : Scotts  || pb-IF4lXhMCBw== || joined server 
2025-11-12 17:09:55 + : zbAju  || None || joined server 
2025-11-12 17:11:55 + : Rynix  || pb-IF4UUhhfEA== || joined server 
2025-11-12 17:12:35 + : Rynix  || pb-IF4UUhhfEA== || joined server 
2025-11-12 17:13:07 + : DeftVenera  || None || joined server 
2025-11-12 17:13:08 + : DeftVenera  || pb-IF4tUWEbIg== || joined server 
2025-11-12 17:13:48 + : Southw1700  || None || joined server 
2025-11-12 17:13:49 + : Southw1700  || pb-IF5WXhZdFQ== || joined server 
2025-11-12 17:14:08 + : Rynix  || pb-IF4UUhhfEA== || joined server 
2025-11-12 17:16:01 + : badboys996  || None || joined server 
2025-11-12 17:16:02 + : badboys996  || pb-IF4PUFMRKA== || joined server 
2025-11-12 17:16:42 + : Skyspace52  || None || joined server 
2025-11-12 17:16:43 + : Skyspace52  || pb-IF4TXhUkIQ== || joined server 
2025-11-12 17:19:25 + : TactfulT18  || None || joined server 
2025-11-12 17:19:26 + : TactfulT18  || pb-IF5XXhg7FQ== || joined server 
2025-11-12 17:21:48 + : PC1032151  || pb-IF4XMRce || joined server 
2025-11-12 17:24:47 + : Tanu98  || None || joined server 
2025-11-12 17:24:48 + : Tanu98  || pb-IF4hUxgDKQ== || joined server 
2025-11-12 17:37:14 + : Rynix  || pb-IF4UUhhfEA== || joined server 
2025-11-12 17:38:13 + : Rynix  || pb-IF4UUhhfEA== || joined server 
2025-11-12 17:38:46 + : Rynix  || pb-IF4UUhhfEA== || joined server 
2025-11-12 17:40:41 + : NoName14273256  || None || joined server 
2025-11-12 17:40:42 + : NoName14273256  || pb-IF4lUUQ8Uw== || joined server 
2025-11-12 17:41:52 + : Rynix  || pb-IF4UUhhfEA== || joined server 
2025-11-12 17:43:25 + : Skyspace52  || pb-IF4TXhUkIQ== || joined server 
2025-11-12 17:44:38 + : Stelthy03  || None || joined server 
2025-11-12 17:44:39 + : Stelthy03  || pb-IF4SUEw6LQ== || joined server 
2025-11-12 17:48:11 + : Rynix  || None || joined server 
2025-11-12 17:48:12 + : Rynix  || pb-IF4UUhhfEA== || joined server 
2025-11-12 17:50:22 + : SubduedOve  || None || joined server 
2025-11-12 17:50:23 + : SubduedOve  || pb-IF4NUXQ5Mg== || joined server 
2025-11-12 17:52:42 + : UnfitAppro  || None || joined server 
2025-11-12 17:52:43 + : UnfitAppro  || pb-IF4eXhNbEg== || joined server 
2025-11-12 17:57:53 + : Rynix  || None || joined server 
2025-11-12 17:57:54 + : Rynix  || pb-IF4UUhhfEA== || joined server 
2025-11-12 17:59:08 + : kaustubh52  || None || joined server 
2025-11-12 17:59:09 + : kaustubh52  || pb-IF4QUWg-PQ== || joined server 
2025-11-12 18:08:57 + : TemperedWh  || pb-IF4pVWw4CQ== || joined server 
2025-11-12 18:10:09 + : RancidQuai  || pb-IF5UUk9dAQ== || joined server 
2025-11-12 18:10:51 + : RancidQuai  || None || joined server 
2025-11-12 18:10:52 + : RancidQuai  || pb-IF5UUk9dAQ== || joined server 
2025-11-12 18:14:14 + : Tarun463  || None || joined server 
2025-11-12 20:52:07 + : SarDaRZzz  || pb-IF4KJxUM || joined server 
2025-11-12 20:52:29 + : CAThamizha  || pb-JiNJARBSU0RAX19JE0BZUlJCF0FYR1lD || joined server 
2025-11-12 20:56:40 + : Dani198507  || None || joined server 
2025-11-12 20:56:41 + : Dani198507  || pb-IF4lXhESAg== || joined server 
2025-11-12 20:58:06 + : CAThamizha  || pb-JiNJARBSU0RAX19JE0BZUlJCF0FYR1lD || joined server 
2025-11-12 21:03:44 + : KZX511PRO2  || pb-IF5RUVQgUw== || joined server 
2025-11-12 21:18:30 + : NoNameB15135402  || None || joined server 
2025-11-12 21:18:31 + : NoNameB15135402  || pb-IF43UUskKA== || joined server 
2025-11-13 03:35:01 + : Addybuddy  || pb-IF41UUVdFw== || joined server 
2025-11-13 03:40:30 + : UnluckyKin  || pb-IF4oUXNZVg== || joined server 
2025-11-13 03:41:00 + : XxDerpLxX  || pb-IF4WUXUpNA== || joined server 
2025-11-13 03:49:05 + : errorneko2  || pb-IF4gVRcxIA== || joined server 
2025-11-13 04:14:40 + : FamousThan  || None || joined server 
2025-11-13 04:14:41 + : FamousThan  || pb-IF48XhUaDQ== || joined server 
2025-11-13 04:17:52 + : Tanu98  || pb-IF4hUxgDKQ== || joined server 
2025-11-13 04:41:56 + : Tanu98  || pb-IF4hUxgDKQ== || joined server 
2025-11-13 04:43:29 + : yuckerz123  || pb-IF4wVUQtIw== || joined server 
2025-11-13 04:46:44 + : Abdulkalam  || None || joined server 
2025-11-13 04:46:45 + : Abdulkalam  || pb-IF4dUk8mMg== || joined server 
2025-11-13 04:56:13 + : Stelthy03  || None || joined server 
2025-11-13 05:05:51 + : Tanu98  || None || joined server 
2025-11-13 05:05:52 + : Tanu98  || pb-IF4hUxgDKQ== || joined server 
2025-11-13 05:08:05 + : Stelthy03  || pb-IF4SUEw6LQ== || joined server 
2025-11-13 05:11:08 + : NoNameC8506828  || None || joined server 
2025-11-13 05:11:09 + : NoNameC8506828  || pb-IF4oU3ERDQ== || joined server 
2025-11-13 05:12:42 + : Alice002  || pb-IF4CURQdKA== || joined server 
2025-11-13 05:13:18 + : Queenmc26  || pb-IF4OUWQtFw== || joined server 
2025-11-13 05:14:07 + : NoName17625398  || None || joined server 
2025-11-13 05:14:08 + : NoName17625398  || pb-IF4uXhUaUQ== || joined server 
2025-11-13 05:16:26 + : NoName55203f  || pb-IF4CVBYJCA== || joined server 
2025-11-13 05:16:48 + : Umepopaumy  || pb-IF5TUVoyFw== || joined server 
2025-11-13 05:16:49 + : GAMEROFT11  || pb-IF4tUXZfVg== || joined server 
2025-11-13 05:17:04 + : NoNameC8506828  || None || joined server 
2025-11-13 05:17:05 + : NoNameC8506828  || pb-IF4oU3ERDQ== || joined server 
2025-11-13 05:18:40 + : NoNameC8506828  || pb-IF4oU3ERDQ== || joined server 
2025-11-13 05:24:10 + : NoName17625398  || None || joined server 
2025-11-13 05:24:11 + : NoName17625398  || pb-IF4uXhUaUQ== || joined server 
2025-11-13 05:27:57 + : FixedTenac  || None || joined server 
2025-11-13 05:27:58 + : FixedTenac  || pb-IF4GVU9fLw== || joined server 
2025-11-13 05:29:29 + : MoonlitBlu  || pb-IF4mXhAPUw== || joined server 
2025-11-13 05:34:44 + : Stelthy03  || None || joined server 
2025-11-13 05:34:45 + : Stelthy03  || pb-IF4SUEw6LQ== || joined server 
2025-11-13 05:35:08 + : REAPERKOOK  || pb-IF4GUkFZXA== || joined server 
2025-11-13 05:36:26 + : ImLemon  || None || joined server 
2025-11-13 05:36:27 + : ImLemon  || pb-IF5RXhM8IA== || joined server 
2025-11-13 05:37:59 + : Functi1542  || pb-IF4mUVojHQ== || joined server 
2025-11-13 05:38:56 + : ggokul0603  || pb-IF4cH1Ja || joined server 
2025-11-13 05:39:45 + : ImLemon  || pb-IF5RXhM8IA== || joined server 
2025-11-13 05:40:02 + : ImLemon  || None || joined server 
2025-11-13 05:40:03 + : ImLemon  || pb-IF5RXhM8IA== || joined server 
2025-11-13 05:40:29 + : ImLemon  || pb-IF5RXhM8IA== || joined server 
2025-11-13 05:40:48 + : ImLemon  || None || joined server 
2025-11-13 05:40:49 + : ImLemon  || pb-IF5RXhM8IA== || joined server 
2025-11-13 05:41:08 + : ImLemon  || pb-IF5RXhM8IA== || joined server 
2025-11-13 05:41:29 + : ImLemon  || None || joined server 
2025-11-13 05:41:30 + : ImLemon  || pb-IF5RXhM8IA== || joined server 
2025-11-13 05:41:55 + : ImLemon  || pb-IF5RXhM8IA== || joined server 
2025-11-13 05:42:13 + : ImLemon  || None || joined server 
2025-11-13 05:42:14 + : ImLemon  || pb-IF5RXhM8IA== || joined server 
2025-11-13 05:47:35 + : Composi927  || None || joined server 
